task_key,task,model,family,lp_avg,ft_avg,delta_ft_minus_lp,lp_run_range,ft_run_range,lp_run_std,ft_run_std,imagenet_top1,imagenet_top5,param_count_m,img_size
vpt1_v18,VPT1 v18,beit3_base_patch16_224.in22k_ft_in1k,beit3,56.641,61.601,4.960000000000001,1.0150000000000006,2.1090000000000018,0.4288638737667491,0.8680631057449434,85.39,97.64,86.66,224
vpt1_v18,VPT1 v18,beit3_large_patch16_224.in22k_ft_in1k,beit3,57.161,61.276,4.115000000000002,0.5079999999999956,4.062999999999995,0.20760432451072586,1.6847173848057306,87.628,98.334,304.57,224
vpt1_v18,VPT1 v18,beit3_large_patch16_224.indomain_in22k_ft_in1k,beit3,55.599,62.266,6.667000000000002,0.7820000000000036,7.187000000000005,0.351500592697463,3.0206981900804935,87.534,98.364,304.57,224
vpt1_v18,VPT1 v18,beit_base_patch16_224.in22k_ft_in22k_in1k,beit,57.943,59.987,2.044000000000004,2.070999999999998,2.655999999999999,0.9115051045142618,1.0942370249021305,85.238,97.654,86.53,224
vpt1_v18,VPT1 v18,beit_base_patch16_384.in22k_ft_in22k_in1k,beit,57.682,63.008,5.3260000000000005,0.5859999999999985,4.296999999999997,0.2394011046108363,1.775823251965752,86.814,98.136,86.74,384
vpt1_v18,VPT1 v18,beit_large_patch16_224.in22k_ft_in22k_in1k,beit,57.526,61.641,4.114999999999995,2.2659999999999982,3.6329999999999956,0.9339992862238522,1.4854979711269272,87.486,98.318,304.43,224
vpt1_v18,VPT1 v18,beit_large_patch16_384.in22k_ft_in22k_in1k,beit,57.982,65.899,7.917000000000002,0.5079999999999956,4.999999999999993,0.21707346426702714,2.0679678162120596,88.38,98.604,305.0,384
vpt1_v18,VPT1 v18,beit_large_patch16_512.in22k_ft_in22k_in1k,beit,59.323,59.388,0.06499999999999773,1.5229999999999961,8.36,0.7002886706367746,3.41538118907197,88.576,98.656,305.67,512
vpt1_v18,VPT1 v18,beitv2_base_patch16_224.in1k_ft_in1k,beitv2,55.026,64.622,9.595999999999997,1.4840000000000018,7.304999999999993,0.633121368038284,3.290451471893921,85.596,97.514,86.53,224
vpt1_v18,VPT1 v18,beitv2_base_patch16_224.in1k_ft_in22k_in1k,beitv2,56.953,61.172,4.218999999999994,1.953000000000003,1.8359999999999985,0.8861749262984159,0.7621637327737095,86.494,98.056,86.53,224
vpt1_v18,VPT1 v18,beitv2_large_patch16_224.in1k_ft_in1k,beitv2,58.906,66.693,7.786999999999999,1.054000000000002,19.649,0.4717077720604382,8.077520700478996,87.414,98.216,304.43,224
vpt1_v18,VPT1 v18,beitv2_large_patch16_224.in1k_ft_in22k_in1k,beitv2,59.961,70.664,10.703000000000003,1.9529999999999959,7.61699999999999,0.8438850632639474,3.163266490336985,88.406,98.602,304.43,224
vpt1_v18,VPT1 v18,caformer_m36.sail_in1k,caformer,51.94,61.393,9.453000000000003,2.1090000000000018,4.023000000000003,0.9162084915563713,1.643642905256493,85.242,97.226,56.2,224
vpt1_v18,VPT1 v18,caformer_m36.sail_in22k_ft_in1k,caformer,58.776,60.326,1.5499999999999972,2.9299999999999997,3.085000000000001,1.2543502966343447,1.337727010849207,86.606,98.038,56.2,224
vpt1_v18,VPT1 v18,caformer_s18.sail_in1k,caformer,54.375,55.651,1.2760000000000034,1.5619999999999976,0.9770000000000039,0.674922876252456,0.40401567626351803,83.664,96.526,26.34,224
vpt1_v18,VPT1 v18,caformer_s18.sail_in22k_ft_in1k,caformer,57.253,56.472,-0.7809999999999988,1.25,2.0700000000000003,0.5116333322474864,0.8475381341797484,84.092,97.182,26.34,224
vpt1_v18,VPT1 v18,caformer_s36.sail_in1k,caformer,53.568,58.88,5.312000000000005,2.5,3.0859999999999985,1.1197250654612605,1.271935358245675,84.528,97.01,39.3,224
vpt1_v18,VPT1 v18,caformer_s36.sail_in22k_ft_in1k,caformer,59.258,60.547,1.2889999999999944,1.5229999999999961,2.7349999999999994,0.6511796133854981,1.271080118114773,85.78,97.832,39.3,224
vpt1_v18,VPT1 v18,cait_m36_384.fb_dist_in1k,cait,56.094,66.536,10.442,1.0930000000000035,4.218999999999994,0.4978797266632005,1.9193391802620183,86.06,97.732,271.22,384
vpt1_v18,VPT1 v18,cait_s24_224.fb_dist_in1k,cait,56.289,60.169,3.8799999999999955,2.070999999999998,1.25,0.8566520102507585,0.5106414267043624,83.484,96.586,46.92,224
vpt1_v18,VPT1 v18,cait_s36_384.fb_dist_in1k,cait,54.636,64.063,9.427,4.4140000000000015,4.922000000000004,1.8988562054270695,2.173405520273554,85.458,97.48,68.37,384
vpt1_v18,VPT1 v18,cait_xxs24_224.fb_dist_in1k,cait,54.961,57.747,2.7860000000000014,2.6169999999999973,2.070999999999998,1.0856853442257863,0.8866545111948736,78.4,94.326,11.96,224
vpt1_v18,VPT1 v18,cait_xxs36_224.fb_dist_in1k,cait,53.997,57.917,3.9200000000000017,1.4450000000000003,3.5549999999999997,0.6103869446688898,1.514399404237718,79.75,94.866,17.3,224
vpt1_v18,VPT1 v18,coat_lite_medium.in1k,coat,55.078,57.747,2.668999999999997,2.382000000000005,1.6409999999999982,1.0188738881726251,0.7393530204772878,83.602,96.714,44.57,224
vpt1_v18,VPT1 v18,coat_lite_mini.in1k,coat,55.846,55.833,-0.012999999999998124,1.6400000000000006,1.9919999999999973,0.6995395310885267,0.8157909590629743,79.104,94.606,11.01,224
vpt1_v18,VPT1 v18,coat_lite_small.in1k,coat,52.461,55.156,2.6950000000000003,1.5629999999999953,1.0549999999999997,0.6752314829416306,0.45237914285352343,82.304,95.854,19.84,224
vpt1_v18,VPT1 v18,coat_lite_tiny.in1k,coat,55.13,54.492,-0.6380000000000052,0.7809999999999988,4.765999999999998,0.3209821732675431,1.946492914620206,77.548,93.924,5.72,224
vpt1_v18,VPT1 v18,coat_mini.in1k,coat,53.386,56.888,3.5019999999999953,2.0700000000000003,2.1480000000000032,0.8629813954477177,0.9547575608498745,81.32,95.388,10.34,224
vpt1_v18,VPT1 v18,coat_small.in1k,coat,54.896,57.695,2.7989999999999995,1.2899999999999991,2.7340000000000018,0.5903729518043855,1.1378369342260302,82.378,96.214,21.69,224
vpt1_v18,VPT1 v18,coat_tiny.in1k,coat,53.633,56.159,2.5259999999999962,1.9920000000000044,1.3290000000000006,0.8680481297460171,0.6006187550259237,78.442,94.044,5.5,224
vpt1_v18,VPT1 v18,coatnet_0_rw_224.sw_in1k,coatnet,54.57,56.823,2.253,0.6640000000000015,1.600999999999999,0.30423711512933865,0.6613808786672519,82.396,95.844,27.44,224
vpt1_v18,VPT1 v18,coatnet_1_rw_224.sw_in1k,coatnet,57.005,56.302,-0.703000000000003,1.328000000000003,4.453000000000003,0.5573277511682184,1.8202641444459537,83.62,96.382,41.72,224
vpt1_v18,VPT1 v18,coatnet_bn_0_rw_224.sw_in1k,coatnet,54.362,55.99,1.6280000000000001,1.328000000000003,2.969000000000001,0.5926872887300879,1.235473548437558,82.394,96.194,27.44,224
vpt1_v18,VPT1 v18,coatnet_nano_rw_224.sw_in1k,coatnet,54.089,55.794,1.7049999999999983,3.6329999999999956,1.446000000000005,1.651822091577121,0.5938492139330414,81.704,95.65,15.14,224
vpt1_v18,VPT1 v18,coatnet_rmlp_1_rw2_224.sw_in12k_ft_in1k,coatnet,57.305,56.576,-0.7289999999999992,1.4059999999999988,2.5390000000000015,0.5845895046003545,1.0618142754528954,84.94,96.968,41.72,224
vpt1_v18,VPT1 v18,coatnet_rmlp_1_rw_224.sw_in1k,coatnet,54.714,57.253,2.5390000000000015,1.7579999999999956,1.0940000000000012,0.7722906764223465,0.48316272851102965,83.35,96.452,41.69,224
vpt1_v18,VPT1 v18,coatnet_rmlp_2_rw_224.sw_in1k,coatnet,56.172,52.826,-3.3459999999999965,0.546999999999997,1.953000000000003,0.2491750834698809,0.8007148195345358,84.608,96.744,73.88,224
vpt1_v18,VPT1 v18,coatnet_rmlp_nano_rw_224.sw_in1k,coatnet,53.424,54.609,1.1850000000000023,2.382000000000005,0.625,0.9735441552504057,0.25515529040610196,82.064,95.874,15.15,224
vpt1_v18,VPT1 v18,convformer_s18.sail_in1k_384,convformer,56.628,61.042,4.4140000000000015,2.774000000000001,4.218999999999994,1.1343207463304004,1.8732845189369607,84.392,97.11,26.77,384
vpt1_v18,VPT1 v18,convit_base.fb_in1k,convit,55.417,58.932,3.5150000000000006,0.6640000000000015,0.19500000000000028,0.27490644873403014,0.08013738203859666,82.296,95.936,86.54,224
vpt1_v18,VPT1 v18,convit_small.fb_in1k,convit,53.451,58.242,4.790999999999997,1.6010000000000062,2.304000000000002,0.7132135413433761,1.077041317684703,81.412,95.74,27.78,224
vpt1_v18,VPT1 v18,convit_tiny.fb_in1k,convit,53.776,53.125,-0.6510000000000034,2.2650000000000006,1.3669999999999973,1.0586585851916581,0.5641743229416464,73.14,91.704,5.71,224
vpt1_v18,VPT1 v18,convmixer_1536_20.in1k,convmixer,55.417,54.18,-1.2370000000000019,0.5080000000000027,0.4299999999999997,0.21237126819689198,0.19416545063996854,81.382,95.618,51.63,224
vpt1_v18,VPT1 v18,convnext_base.clip_laion2b_augreg_ft_in12k_in1k_384,convnext,59.505,63.216,3.7109999999999985,2.344000000000001,14.102000000000004,1.025483734092789,5.988355719412653,87.144,98.228,88.59,384
vpt1_v18,VPT1 v18,convnext_base.fb_in22k_ft_in1k,convnext,55.338,57.747,2.408999999999999,0.9760000000000062,0.7809999999999988,0.4111385276143442,0.3193580366227775,85.814,97.856,88.59,224
vpt1_v18,VPT1 v18,convnext_base.fb_in22k_ft_in1k_384,convnext,57.252,59.713,2.4609999999999985,1.3670000000000044,5.859000000000002,0.6037197657486112,2.492194526026321,86.826,98.244,88.59,384
vpt1_v18,VPT1 v18,convnext_large.fb_in22k_ft_in1k,convnext,55.768,60.911,5.143000000000001,1.2110000000000056,4.8430000000000035,0.49855858900100103,2.1508860706436534,86.612,98.036,197.77,224
vpt1_v18,VPT1 v18,convnext_large.fb_in22k_ft_in1k_384,convnext,58.008,63.359,5.350999999999999,1.678999999999995,6.445,0.749764555636558,2.63130474606547,87.456,98.38,197.77,384
vpt1_v18,VPT1 v18,convnext_large_mlp.clip_laion2b_augreg_ft_in1k,convnext,59.284,59.427,0.14300000000000068,0.8599999999999994,3.4370000000000047,0.3530136918968815,1.4604768627632114,87.344,98.222,200.13,256
vpt1_v18,VPT1 v18,convnext_large_mlp.clip_laion2b_soup_ft_in12k_in1k_384,convnext,60.377,62.149,1.7719999999999985,0.7029999999999959,2.8129999999999953,0.2963290213409543,1.149737457953866,88.334,98.574,200.13,384
vpt1_v18,VPT1 v18,convnext_nano.in12k_ft_in1k,convnext,53.841,57.331,3.490000000000002,1.6020000000000039,1.5230000000000032,0.737493050814719,0.6299306840174307,82.306,96.338,15.59,224
vpt1_v18,VPT1 v18,convnext_small.fb_in1k,convnext,55.247,58.607,3.3599999999999994,1.5229999999999961,3.0460000000000065,0.6300065255393948,1.2599371236516377,83.144,96.432,50.22,224
vpt1_v18,VPT1 v18,convnext_small.fb_in22k_ft_in1k,convnext,55.521,58.945,3.4239999999999995,1.0930000000000035,4.765000000000001,0.5063031590745709,1.973289695463447,84.582,97.414,50.22,224
vpt1_v18,VPT1 v18,convnext_small.in12k_ft_in1k_384,convnext,56.953,61.029,4.0760000000000005,0.4680000000000035,8.984000000000002,0.19886176103011965,4.163507922680373,86.186,97.92,50.22,384
vpt1_v18,VPT1 v18,convnext_tiny.fb_in22k_ft_in1k,convnext,56.732,58.971,2.238999999999997,2.7349999999999994,2.1870000000000047,1.1189936947493888,0.893586158253487,78.95,94.708,28.59,288
vpt1_v18,VPT1 v18,convnext_xlarge.fb_in22k_ft_in1k_384,convnext,59.895,63.893,3.9979999999999976,1.25,2.1480000000000032,0.5892556509887896,0.8781333738232617,87.764,98.552,350.2,384
vpt1_v18,VPT1 v18,convnext_xxlarge.clip_laion2b_soup_ft_in1k,convnext,60.208,57.201,-3.006999999999998,1.3669999999999973,2.8130000000000024,0.5672461742684745,1.1507696941129841,88.622,98.718,846.47,256
vpt1_v18,VPT1 v18,convnextv2_atto.fcmae_ft_in1k,convnextv2,53.06,57.591,4.530999999999999,3.2420000000000044,2.1870000000000047,1.3540194484078403,0.9882115158203755,76.644,93.042,3.71,224
vpt1_v18,VPT1 v18,convnextv2_base.fcmae_ft_in22k_in1k,convnextv2,56.927,61.758,4.831000000000003,1.600999999999999,0.4689999999999941,0.6536701512740705,0.19146859330506738,86.752,98.02,88.72,224
vpt1_v18,VPT1 v18,convnextv2_base.fcmae_ft_in22k_in1k_384,convnextv2,57.93,62.396,4.466000000000001,1.328000000000003,3.827999999999996,0.6084742302586773,1.6055562552862737,87.638,98.416,88.72,384
vpt1_v18,VPT1 v18,convnextv2_large.fcmae_ft_in1k,convnextv2,55.976,60.833,4.856999999999999,0.625,0.2739999999999938,0.26109810842329406,0.11225665038453173,85.762,97.574,197.96,224
vpt1_v18,VPT1 v18,convnextv2_large.fcmae_ft_in22k_in1k,convnextv2,58.008,60.235,2.2269999999999968,0.4299999999999997,3.1640000000000015,0.1776632269835885,1.2990612850139995,87.266,98.24,197.96,224
vpt1_v18,VPT1 v18,convnextv2_large.fcmae_ft_in22k_in1k_384,convnextv2,57.982,61.028,3.0459999999999994,1.875,2.4609999999999985,0.7663368855942028,1.026800965242155,88.18,98.52,197.96,384
vpt1_v18,VPT1 v18,convnextv2_nano.fcmae_ft_in22k_in1k,convnextv2,55.078,57.5,2.421999999999997,1.4849999999999994,1.8359999999999985,0.6661212769125111,0.7740617259337625,82.038,96.174,15.62,224
vpt1_v18,VPT1 v18,convnextv2_tiny.fcmae_ft_in22k_in1k,convnextv2,55.43,59.714,4.283999999999999,1.0159999999999982,2.0319999999999965,0.4467402924394534,0.9231165810569218,83.904,96.964,28.64,224
vpt1_v18,VPT1 v18,crossvit_15_240.in1k,crossvit,53.789,57.813,4.024000000000001,2.929000000000002,4.844000000000001,1.203682959365409,2.039132549775898,81.522,95.694,27.53,240
vpt1_v18,VPT1 v18,crossvit_18_240.in1k,crossvit,52.565,59.505,6.940000000000005,0.7419999999999973,0.5859999999999985,0.3409617117637812,0.24779740829063426,82.39,96.064,43.27,240
vpt1_v18,VPT1 v18,crossvit_9_240.in1k,crossvit,54.245,56.706,2.4610000000000056,1.9140000000000015,0.8989999999999938,0.8318082043890231,0.3806897249291929,73.994,91.976,8.55,240
vpt1_v18,VPT1 v18,crossvit_tiny_240.in1k,crossvit,53.125,57.5,4.375,1.8359999999999985,1.5620000000000047,0.7621637327737095,0.6588009309849748,73.352,91.906,7.01,240
vpt1_v18,VPT1 v18,davit_base.msft_in1k,davit,53.359,59.206,5.847000000000001,4.023000000000003,1.7960000000000065,1.8036715024884367,0.7713301642112972,84.652,97.02,87.95,224
vpt1_v18,VPT1 v18,davit_small.msft_in1k,davit,54.713,58.425,3.711999999999996,1.6799999999999997,2.5390000000000015,0.7177744925965414,1.0579793108668163,84.252,96.942,49.75,224
vpt1_v18,VPT1 v18,davit_tiny.msft_in1k,davit,55.443,56.536,1.0930000000000035,0.39099999999999824,0.8980000000000032,0.16375252330540987,0.40618660189075206,82.694,96.264,28.36,224
vpt1_v18,VPT1 v18,deit3_base_patch16_224.fb_in1k,deit3,56.081,58.789,2.7079999999999984,1.6799999999999997,2.9299999999999997,0.7078042730083577,1.265904683089001,83.8,96.584,86.59,224
vpt1_v18,VPT1 v18,deit3_base_patch16_224.fb_in22k_ft_in1k,deit3,56.862,60.351,3.488999999999997,1.2890000000000015,3.1639999999999944,0.5744123567225522,1.2943593868096357,85.728,97.746,86.59,224
vpt1_v18,VPT1 v18,deit3_huge_patch14_224.fb_in1k,deit3,53.945,57.982,4.036999999999999,1.8360000000000056,4.219000000000001,0.8086900243947365,1.7876869599196241,85.204,97.364,632.13,224
vpt1_v18,VPT1 v18,deit3_large_patch16_224.fb_in1k,deit3,57.213,59.792,2.5790000000000006,0.8590000000000018,1.1710000000000065,0.35836139425011904,0.5002414972346437,84.772,97.048,304.37,224
vpt1_v18,VPT1 v18,deit3_medium_patch16_224.fb_in1k,deit3,53.802,58.62,4.817999999999998,3.7109999999999985,2.8909999999999982,1.5150372932703664,1.236406351757651,83.09,96.284,38.85,224
vpt1_v18,VPT1 v18,deit3_medium_patch16_224.fb_in22k_ft_in1k,deit3,55.859,57.617,1.7579999999999956,2.225999999999999,3.75,0.9125401665436733,1.6095403760770413,84.55,97.18,38.85,224
vpt1_v18,VPT1 v18,deit3_small_patch16_224.fb_in1k,deit3,55.885,58.49,2.605000000000004,1.6020000000000039,2.696000000000005,0.6556433651172139,1.1208045721216942,81.382,95.454,22.06,224
vpt1_v18,VPT1 v18,deit3_small_patch16_224.fb_in22k_ft_in1k,deit3,55.599,58.138,2.5390000000000015,1.5230000000000032,2.8120000000000047,0.6630366170548628,1.157377495317181,83.082,96.774,22.06,224
vpt1_v18,VPT1 v18,deit_base_distilled_patch16_224.fb_in1k,deit,54.726,56.511,1.7850000000000037,0.5859999999999985,1.524000000000001,0.27624304918354387,0.6335873174937209,83.384,96.492,87.34,224
vpt1_v18,VPT1 v18,deit_base_patch16_224.fb_in1k,deit,54.31,58.359,4.0489999999999995,0.3510000000000062,6.484999999999999,0.15048587973627536,2.6474901741502688,81.98,95.74,86.57,224
vpt1_v18,VPT1 v18,deit_base_patch16_384.fb_in1k,deit,55.794,57.474,1.6799999999999997,1.600999999999999,3.7890000000000015,0.6721370561293442,1.5729675422235803,83.108,96.376,86.86,384
vpt1_v18,VPT1 v18,deit_small_distilled_patch16_224.fb_in1k,deit,53.425,57.24,3.815000000000005,2.421999999999997,1.7579999999999956,1.0058102317148199,0.7191858050755866,81.204,95.378,22.44,224
vpt1_v18,VPT1 v18,deit_small_patch16_224.fb_in1k,deit,53.45,55.261,1.811,2.4610000000000056,2.6169999999999973,1.0551001005697167,1.1330702635857235,79.856,95.056,22.05,224
vpt1_v18,VPT1 v18,deit_tiny_distilled_patch16_224.fb_in1k,deit,54.102,56.38,2.278000000000006,1.6799999999999997,3.4379999999999953,0.6908571165990514,1.522233957781201,74.538,91.898,5.91,224
vpt1_v18,VPT1 v18,deit_tiny_patch16_224.fb_in1k,deit,52.851,56.614,3.762999999999998,2.969000000000001,0.8980000000000032,1.2233626699479694,0.3722520054419537,72.19,91.1,5.72,224
vpt1_v18,VPT1 v18,densenet121.ra_in1k,densenet121.ra,54.271,57.643,3.372,4.024000000000001,1.0549999999999997,1.6741357969611268,0.43548210831980994,75.574,92.648,7.98,224
vpt1_v18,VPT1 v18,densenet121.tv_in1k,densenet121.tv,54.336,59.18,4.844000000000001,0.8990000000000009,3.672000000000004,0.37622422392327015,1.5481234518675266,74.75,92.158,7.98,224
vpt1_v18,VPT1 v18,densenet161.tv_in1k,densenet161.tv,52.07,60.625,8.555,0.7809999999999988,2.031000000000006,0.3188420019731119,0.9395775646533947,77.384,93.656,28.68,224
vpt1_v18,VPT1 v18,densenet169.tv_in1k,densenet169.tv,53.62,60.13,6.510000000000005,1.171999999999997,1.9140000000000015,0.4872172684405444,0.8258377564630967,75.922,92.976,14.15,224
vpt1_v18,VPT1 v18,densenet201.tv_in1k,densenet201.tv,54.154,59.024,4.869999999999997,1.1720000000000041,1.25,0.48408539191620775,0.5133331168830714,77.284,93.48,20.01,224
vpt1_v18,VPT1 v18,densenetblur121d.ra_in1k,densenetblur121d.ra,53.633,55.899,2.2659999999999982,0.8989999999999938,0.7029999999999959,0.3680498154688639,0.3075519829593386,76.574,93.188,8.0,224
vpt1_v18,VPT1 v18,dla102.in1k,dla102.in1k,52.891,56.758,3.8670000000000044,1.2890000000000015,2.421999999999997,0.5269541409521965,1.0025261426350258,78.016,93.952,33.27,224
vpt1_v18,VPT1 v18,dla169.in1k,dla169.in1k,53.893,59.896,6.003,1.6400000000000006,1.1329999999999956,0.6758081581829765,0.47346875996908716,78.702,94.334,53.39,224
vpt1_v18,VPT1 v18,dla34.in1k,dla34.in1k,53.815,55.495,1.6799999999999997,0.23400000000000176,2.3049999999999997,0.10236210236215411,0.9410572069043766,74.632,92.052,15.74,224
vpt1_v18,VPT1 v18,dla46_c.in1k,dla46,54.466,54.974,0.5079999999999956,1.2890000000000015,1.6799999999999997,0.52823542731122,0.736099178100342,64.88,86.33,1.3,224
vpt1_v18,VPT1 v18,dla46x_c.in1k,dla46x,53.138,54.531,1.3930000000000007,1.8359999999999985,3.5549999999999997,0.759047356156971,1.4641667330677277,66.008,86.946,1.07,224
vpt1_v18,VPT1 v18,dla60.in1k,dla60.in1k,54.271,57.109,2.838000000000001,0.8990000000000009,1.5630000000000024,0.3698819631540132,0.6592553037750679,77.036,93.316,22.04,224
vpt1_v18,VPT1 v18,dla60x_c.in1k,dla60x,54.375,53.776,-0.5989999999999966,4.024000000000001,4.609000000000002,1.7245418715318765,1.8992347581767421,67.928,88.426,1.32,224
vpt1_v18,VPT1 v18,dpn107.mx_in1k,dpn107.mx,55.964,62.813,6.849000000000004,1.1720000000000041,2.3049999999999926,0.5350497380825671,1.0281084032770496,80.166,94.932,86.92,224
vpt1_v18,VPT1 v18,dpn131.mx_in1k,dpn131.mx,55.143,62.266,7.1229999999999976,1.2109999999999985,2.578000000000003,0.49652056016510127,1.058278266283916,79.836,94.708,79.25,224
vpt1_v18,VPT1 v18,dpn68.mx_in1k,dpn68.mx,54.049,60.768,6.719000000000001,1.6799999999999997,0.9370000000000047,0.685915608673707,0.4036717588448449,76.304,92.994,12.61,224
vpt1_v18,VPT1 v18,dpn68b.mx_in1k,dpn68b.mx,51.55,60.013,8.463000000000001,0.625,1.1330000000000027,0.257824660487618,0.46699964311192765,77.494,93.834,12.61,224
vpt1_v18,VPT1 v18,dpn92.mx_in1k,dpn92.mx,55.195,61.146,5.9510000000000005,4.219000000000001,2.695999999999998,1.9115027828619258,1.2114993465399244,80.032,94.876,37.67,224
vpt1_v18,VPT1 v18,dpn98.mx_in1k,dpn98.mx,54.701,61.172,6.4709999999999965,0.8590000000000018,1.3670000000000044,0.3960642484356412,0.5748570836883453,79.664,94.644,61.57,224
vpt1_v18,VPT1 v18,eca_nfnet_l0.ra2_in1k,eca,54.492,56.185,1.693000000000005,1.328000000000003,2.2650000000000006,0.553261842771276,1.017073252032517,81.762,95.994,24.14,224
vpt1_v18,VPT1 v18,eca_nfnet_l1.ra2_in1k,eca,53.672,57.461,3.7890000000000015,1.4059999999999988,2.6169999999999973,0.6151039659186793,1.1458406908854677,83.264,96.684,41.41,256
vpt1_v18,VPT1 v18,ecaresnet50t.a2_in1k,ecaresnet50t.a2,53.307,53.555,0.24799999999999756,0.625,0.9369999999999976,0.25775742256798134,0.38645080181340236,80.884,95.022,25.57,224
vpt1_v18,VPT1 v18,edgenext_xx_small.in1k,edgenext,52.344,54.739,2.394999999999996,0.39099999999999824,4.648999999999994,0.16896219169453797,1.9643744268567735,71.132,90.042,1.33,256
vpt1_v18,VPT1 v18,efficientformer_l1.snap_dist_in1k,efficientformer,52.526,54.766,2.239999999999995,2.5390000000000015,2.8129999999999953,1.1968960782884301,1.1811046618408623,80.502,94.992,12.29,224
vpt1_v18,VPT1 v18,efficientformer_l3.snap_dist_in1k,efficientformer,55.937,54.961,-0.9759999999999991,1.3289999999999935,1.5620000000000047,0.5425620292238968,0.6588009309849748,82.562,96.25,31.41,224
vpt1_v18,VPT1 v18,efficientformer_l7.snap_dist_in1k,efficientformer,55.195,56.536,1.341000000000001,1.875,1.6020000000000039,0.7734064620596051,0.7134934399760731,83.396,96.532,82.23,224
vpt1_v18,VPT1 v18,efficientformerv2_l.snap_dist_in1k,efficientformerv2,52.995,54.414,1.419000000000004,1.875,1.1330000000000027,0.7709934428313182,0.4633666654677132,83.642,96.546,26.32,224
vpt1_v18,VPT1 v18,efficientformerv2_s0.snap_dist_in1k,efficientformerv2,55.651,54.388,-1.2630000000000052,1.8350000000000009,2.0700000000000003,0.7518940528203869,0.8920526890268308,76.102,92.85,3.6,224
vpt1_v18,VPT1 v18,efficientformerv2_s1.snap_dist_in1k,efficientformerv2,51.706,54.284,2.577999999999996,2.6950000000000003,3.3200000000000003,1.2353084185291097,1.4284917453967545,79.684,94.712,6.19,224
vpt1_v18,VPT1 v18,efficientformerv2_s2.snap_dist_in1k,efficientformerv2,51.211,55.026,3.815000000000005,1.6799999999999997,0.8590000000000018,0.7742299400049065,0.3960642484356412,82.156,95.912,12.71,224
vpt1_v18,VPT1 v18,efficientnet_b0.ra_in1k,efficientnet,54.87,54.557,-0.3129999999999953,1.25,3.2420000000000044,0.5310825422348839,1.3815066654441701,77.698,93.538,5.29,224
vpt1_v18,VPT1 v18,efficientnet_b1.ft_in1k,efficientnet,55.208,53.06,-2.147999999999996,0.8589999999999947,1.6400000000000006,0.38037028742470674,0.7174660657867765,77.592,93.636,7.79,224
vpt1_v18,VPT1 v18,efficientnet_b1.ra4_e3600_r240_in1k,efficientnet,53.972,53.594,-0.3780000000000001,0.703000000000003,2.344000000000001,0.3225981332177176,1.0541553754336008,80.404,95.152,7.79,240
vpt1_v18,VPT1 v18,efficientnet_b2.ra_in1k,efficientnet,56.823,51.641,-5.182000000000002,0.8590000000000018,2.3430000000000035,0.3803702874247088,0.9581281519481402,79.324,94.582,9.11,256
vpt1_v18,VPT1 v18,efficientnet_b3.ra2_in1k,efficientnet,55.898,54.089,-1.8090000000000046,1.718999999999994,0.8589999999999947,0.7039613310087083,0.35263232346957923,81.472,95.696,12.23,288
vpt1_v18,VPT1 v18,efficientnet_b4.ra2_in1k,efficientnet,54.909,51.836,-3.0730000000000004,0.5859999999999985,1.0159999999999982,0.26752486904128336,0.41478026311128413,82.658,96.134,19.34,320
vpt1_v18,VPT1 v18,efficientnet_es.ra_in1k,efficientnet,54.687,53.151,-1.5359999999999943,0.8200000000000003,2.5389999999999944,0.3865517070486461,1.1233415429967044,78.1,93.928,5.44,224
vpt1_v18,VPT1 v18,efficientnet_es_pruned.in1k,efficientnet,54.388,53.581,-0.806999999999995,2.578000000000003,1.524000000000001,1.055030173344189,0.6335873174937209,75.01,92.438,5.44,224
vpt1_v18,VPT1 v18,efficientnet_lite0.ra_in1k,efficientnet,53.698,54.688,0.990000000000002,2.071000000000005,1.9140000000000015,0.8479272767558962,0.8199289942156923,75.488,92.508,4.65,224
vpt1_v18,VPT1 v18,efficientvit_b2.r256_in1k,efficientvit,54.037,56.979,2.942,0.7809999999999988,1.0159999999999982,0.34392279495388034,0.42124893669499774,82.712,96.092,24.33,256
vpt1_v18,VPT1 v18,efficientvit_b2.r288_in1k,efficientvit,53.398,56.471,3.0729999999999933,0.8200000000000003,0.7029999999999959,0.33591698709982254,0.28760196259568177,83.078,96.286,24.33,288
vpt1_v18,VPT1 v18,efficientvit_b3.r256_in1k,efficientvit,54.258,55.859,1.600999999999999,0.5079999999999956,0.9759999999999991,0.20918466058060153,0.40699658748228107,83.782,96.498,48.65,256
vpt1_v18,VPT1 v18,efficientvit_m1.r224_in1k,efficientvit,53.594,53.372,-0.2220000000000013,1.6409999999999982,3.0860000000000056,0.7245643902066637,1.2806847994551829,68.34,88.692,2.98,224
vpt1_v18,VPT1 v18,eva02_base_patch14_448.mim_in22k_ft_in1k,eva02,57.175,60.26,3.085000000000001,1.6010000000000062,3.8290000000000006,0.7287085989764531,1.8050079101088605,88.262,98.57,87.12,448
vpt1_v18,VPT1 v18,eva02_base_patch14_448.mim_in22k_ft_in22k_in1k,eva02,59.297,67.279,7.981999999999999,1.5230000000000032,6.131999999999991,0.669643852274394,2.5038047492211133,88.678,98.726,87.12,448
vpt1_v18,VPT1 v18,eva02_large_patch14_448.mim_in22k_ft_in1k,eva02,58.411,55.586,-2.825000000000003,0.39100000000000534,8.204,0.1638583399023565,3.787162878285891,89.634,98.954,305.08,448
vpt1_v18,VPT1 v18,eva02_large_patch14_448.mim_in22k_ft_in22k_in1k,eva02,58.425,65.612,7.186999999999998,0.7420000000000044,22.733999999999995,0.3030669159699829,10.359979536659324,89.956,99.014,305.08,448
vpt1_v18,VPT1 v18,eva02_large_patch14_448.mim_m38m_ft_in1k,eva02,58.555,60.443,1.8879999999999981,1.171999999999997,12.108999999999995,0.48163540844363356,5.6185698259333625,89.55,98.924,305.08,448
vpt1_v18,VPT1 v18,eva02_large_patch14_448.mim_m38m_ft_in22k_in1k,eva02,59.271,66.484,7.212999999999994,1.2890000000000015,17.538999999999994,0.5358588122506407,7.395523285519872,90.056,99.054,305.08,448
vpt1_v18,VPT1 v18,eva02_small_patch14_336.mim_in22k_ft_in1k,eva02,56.836,63.672,6.8359999999999985,1.3279999999999959,2.8910000000000053,0.566840953589863,1.2806579038395345,85.77,97.616,22.13,336
vpt1_v18,VPT1 v18,eva_large_patch14_196.in22k_ft_in1k,eva,56.706,62.643,5.936999999999998,1.2890000000000015,9.883000000000003,0.5672920078956013,4.431206231565697,87.952,98.49,304.14,196
vpt1_v18,VPT1 v18,eva_large_patch14_196.in22k_ft_in22k_in1k,eva,57.409,62.031,4.622,0.23400000000000176,5.780999999999999,0.10236210236215411,2.466937958054252,88.59,98.662,304.14,196
vpt1_v18,VPT1 v18,eva_large_patch14_336.in22k_ft_in1k,eva,57.292,69.076,11.783999999999992,0.625,15.390000000000008,0.257824660487618,6.304071188966349,88.68,98.714,304.53,336
vpt1_v18,VPT1 v18,eva_large_patch14_336.in22k_ft_in22k_in1k,eva,58.802,64.375,5.573,1.7190000000000012,13.514999999999993,0.768516753233136,5.674535223258374,89.238,98.848,304.53,336
vpt1_v18,VPT1 v18,fasternet_t2.in1k,fasternet,55.364,59.141,3.777000000000001,0.8200000000000003,1.875,0.3776950563027753,0.7831944557742705,78.738,94.332,14.98,224
vpt1_v18,VPT1 v18,fastvit_sa36.apple_dist_in1k,fastvit,54.609,54.505,-0.1039999999999992,1.445999999999998,0.703000000000003,0.596128807855781,0.2962120111601764,84.028,96.85,31.53,256
vpt1_v18,VPT1 v18,fastvit_t8.apple_dist_in1k,fastvit,53.685,55.703,2.0180000000000007,0.5859999999999985,1.1330000000000027,0.23940110461083644,0.4633666654677132,77.17,93.274,4.03,256
vpt1_v18,VPT1 v18,focalnet_base_lrf.ms_in1k,focalnet,53.151,57.917,4.765999999999998,2.343999999999994,3.672000000000004,0.9576401551035034,1.5681031712089488,83.828,96.61,88.75,224
vpt1_v18,VPT1 v18,focalnet_base_srf.ms_in1k,focalnet,54.479,57.656,3.1769999999999996,0.5860000000000056,5.469000000000001,0.26731421378013254,2.3001075820250003,83.808,96.66,88.15,224
vpt1_v18,VPT1 v18,focalnet_small_lrf.ms_in1k,focalnet,54.088,58.737,4.649000000000001,4.258000000000003,2.3830000000000027,1.7389349869644042,1.0307519369642522,83.508,96.586,50.34,224
vpt1_v18,VPT1 v18,focalnet_small_srf.ms_in1k,focalnet,52.969,59.128,6.158999999999999,2.421999999999997,3.828000000000003,1.002604053896096,1.5645259843018138,83.428,96.432,49.89,224
vpt1_v18,VPT1 v18,focalnet_tiny_lrf.ms_in1k,focalnet,55.117,57.37,2.253,1.0929999999999964,3.047000000000004,0.4759876282239073,1.2973390715871738,82.174,95.948,28.65,224
vpt1_v18,VPT1 v18,focalnet_tiny_srf.ms_in1k,focalnet,55.182,57.839,2.6569999999999965,1.2889999999999944,2.421999999999997,0.5397347084962693,0.9915433536775987,82.146,95.972,28.43,224
vpt1_v18,VPT1 v18,ghostnet_100.in1k,ghostnet,56.823,54.752,-2.070999999999998,1.6400000000000006,0.8979999999999961,0.6705361039248126,0.39861621754375204,73.958,91.542,5.18,224
vpt1_v18,VPT1 v18,ghostnetv2_100.in1k,ghostnetv2,53.268,56.641,3.3729999999999976,0.7420000000000044,0.7029999999999959,0.30963024543621404,0.292205787455042,75.186,92.334,6.16,224
vpt1_v18,VPT1 v18,ghostnetv2_130.in1k,ghostnetv2,54.206,56.12,1.9139999999999944,2.4609999999999985,1.0930000000000035,1.0057498032148282,0.5152451412245993,76.746,93.364,8.96,224
vpt1_v18,VPT1 v18,hardcorenas_b.miil_green_in1k,hardcorenas,53.659,53.959,0.30000000000000426,0.6640000000000015,2.421999999999997,0.27490644873403014,1.1417417493558772,76.55,92.766,5.18,224
vpt1_v18,VPT1 v18,hardcorenas_f.miil_green_in1k,hardcorenas,54.466,53.398,-1.0679999999999978,0.8210000000000051,0.8979999999999961,0.33529787751590084,0.3758779352691791,78.1,93.8,8.2,224
vpt1_v18,VPT1 v18,hgnet_small.ssld_in1k,hgnet,54.466,58.997,4.530999999999999,0.9770000000000039,2.8909999999999982,0.42855130640592376,1.3111608935934924,83.818,96.846,24.36,224
vpt1_v18,VPT1 v18,hgnetv2_b0.ssld_stage1_in22k_in1k,hgnetv2,53.685,56.471,2.7859999999999943,1.600999999999999,2.3830000000000027,0.6765387399600012,0.9997387436503385,76.868,93.62,6.0,224
vpt1_v18,VPT1 v18,hrnet_w18.ms_aug_in1k,hrnet,56.589,58.138,1.5489999999999995,3.203000000000003,0.7430000000000021,1.3583966856391987,0.3100784846884209,78.11,94.062,21.3,224
vpt1_v18,VPT1 v18,hrnet_w18.ms_in1k,hrnet,55.898,58.438,2.539999999999999,1.6799999999999997,0.5470000000000041,0.7740113407150797,0.24917508346988276,76.77,93.448,21.3,224
vpt1_v18,VPT1 v18,hrnet_w18_small.ms_in1k,hrnet,56.432,58.334,1.902000000000001,0.2739999999999938,1.796999999999997,0.12102433180517227,0.7373223326484968,72.34,90.688,13.19,224
vpt1_v18,VPT1 v18,hrnet_w18_small_v2.ms_in1k,hrnet,55.065,58.164,3.0990000000000038,0.8990000000000009,0.8599999999999994,0.3726132937331501,0.3553993059456734,75.094,92.414,15.6,224
vpt1_v18,VPT1 v18,hrnet_w30.ms_in1k,hrnet,56.055,59.713,3.6580000000000013,1.0150000000000006,1.171999999999997,0.4288638737667491,0.5435269593640737,78.202,94.22,37.71,224
vpt1_v18,VPT1 v18,hrnet_w32.ms_in1k,hrnet,55.26,59.896,4.636000000000003,2.6950000000000003,1.131999999999998,1.1823621366663521,0.5083019662453495,78.452,94.184,41.23,224
vpt1_v18,VPT1 v18,hrnet_w40.ms_in1k,hrnet,56.341,60.443,4.101999999999997,3.280999999999999,2.8900000000000006,1.3892014492746056,1.235946420989016,78.928,94.48,57.56,224
vpt1_v18,VPT1 v18,hrnet_w44.ms_in1k,hrnet,55.534,60.286,4.7520000000000024,0.9769999999999968,0.7029999999999959,0.4040156762635154,0.32259813321771424,78.89,94.376,67.06,224
vpt1_v18,VPT1 v18,hrnet_w48.ms_in1k,hrnet,56.966,59.883,2.9170000000000016,2.852000000000004,2.2269999999999968,1.3090105678208521,0.9585900525714242,79.328,94.516,77.47,224
vpt1_v18,VPT1 v18,inception_v3.tf_in1k,inception,55.716,57.383,1.6670000000000016,1.25,2.3829999999999956,0.5489213665605185,1.080332150570162,77.866,93.644,23.83,299
vpt1_v18,VPT1 v18,inception_v3.tv_in1k,inception,55.208,58.151,2.943000000000005,1.4059999999999988,2.2659999999999982,0.5786887476585887,0.9431822022635213,77.472,93.468,23.83,299
vpt1_v18,VPT1 v18,lcnet_100.ra2_in1k,lcnet,55.13,53.594,-1.5360000000000014,0.5470000000000041,1.5619999999999976,0.24158136425551585,0.6589194858925385,72.13,90.376,2.95,224
vpt1_v18,VPT1 v18,legacy_seresnet18.in1k,legacy,52.747,57.813,5.0660000000000025,0.703000000000003,0.39099999999999824,0.3225981332177176,0.16896219169453797,71.742,90.34,11.78,224
vpt1_v18,VPT1 v18,legacy_seresnet34.in1k,legacy,55.247,58.724,3.4769999999999968,1.132000000000005,1.0549999999999997,0.46662785552896163,0.4883989716978887,74.788,92.134,21.96,224
vpt1_v18,VPT1 v18,levit_128.fb_dist_in1k,levit,53.424,52.942,-0.4819999999999993,0.703000000000003,1.875,0.2963290213409575,0.7709934428313182,78.486,93.998,9.21,224
vpt1_v18,VPT1 v18,levit_128s.fb_dist_in1k,levit,54.284,52.968,-1.3159999999999954,4.844000000000001,3.0860000000000056,2.1736629606879414,1.2745933556323867,76.52,92.87,7.78,224
vpt1_v18,VPT1 v18,levit_192.fb_dist_in1k,levit,52.669,53.281,0.6120000000000019,1.5620000000000047,0.8590000000000018,0.6506337081816652,0.38786108624380394,79.858,94.808,10.95,224
vpt1_v18,VPT1 v18,levit_256.fb_dist_in1k,levit,54.57,54.531,-0.03900000000000148,1.679000000000002,1.1330000000000027,0.7122407520557146,0.4826599907457296,81.506,95.466,18.89,224
vpt1_v18,VPT1 v18,levit_384.fb_dist_in1k,levit,55.469,53.19,-2.2790000000000035,0.8589999999999947,2.030999999999999,0.35495946560448394,0.8293613339324551,82.6,96.02,39.13,224
vpt1_v18,VPT1 v18,maxvit_base_tf_224.in1k,maxvit,54.584,59.362,4.777999999999999,0.7809999999999988,2.774000000000001,0.32726577714281235,1.1997135769285376,84.884,97.002,119.47,224
vpt1_v18,VPT1 v18,maxvit_base_tf_384.in21k_ft_in1k,maxvit,59.153,59.323,0.1700000000000017,1.8359999999999985,3.280999999999999,0.7840515856044727,1.5028263003051574,87.93,98.546,119.65,384
vpt1_v18,VPT1 v18,maxvit_large_tf_224.in1k,maxvit,55.052,61.745,6.692999999999998,0.39000000000000057,0.7809999999999988,0.17537958832201653,0.3209821732675431,84.938,96.98,211.79,224
vpt1_v18,VPT1 v18,maxvit_large_tf_384.in1k,maxvit,56.211,63.268,7.057000000000002,1.4840000000000018,6.053999999999995,0.6058404630483735,2.4858954568167606,86.242,97.684,212.03,384
vpt1_v18,VPT1 v18,maxvit_large_tf_384.in21k_ft_in1k,maxvit,59.766,62.76,2.9939999999999998,1.328000000000003,3.9850000000000065,0.5533560236311611,1.628541337789403,87.994,98.576,212.03,384
vpt1_v18,VPT1 v18,maxvit_large_tf_512.in21k_ft_in1k,maxvit,58.581,65.937,7.3559999999999945,0.19500000000000028,4.141000000000005,0.08013738203859704,1.7049211777153304,88.236,98.608,212.33,512
vpt1_v18,VPT1 v18,maxvit_rmlp_base_rw_224.sw_in12k_ft_in1k,maxvit,56.601,56.589,-0.012000000000000455,0.6639999999999944,1.0150000000000006,0.28348936879929176,0.4397789848953173,86.908,98.004,116.14,224
vpt1_v18,VPT1 v18,maxvit_rmlp_small_rw_224.sw_in1k,maxvit,54.583,53.893,-0.6899999999999977,0.39099999999999824,1.3669999999999973,0.18431916762929257,0.5581511145439606,84.488,96.772,64.9,224
vpt1_v18,VPT1 v18,maxvit_rmlp_tiny_rw_256.sw_in1k,maxvit,53.776,54.974,1.1979999999999933,3.671999999999997,3.5549999999999997,1.5103191715660622,1.4694784411106168,84.226,96.782,29.15,256
vpt1_v18,VPT1 v18,maxvit_small_tf_224.in1k,maxvit,52.708,58.815,6.106999999999999,1.25,3.125,0.5425773882334408,1.2779072301575294,84.452,96.824,68.93,224
vpt1_v18,VPT1 v18,maxvit_tiny_rw_224.sw_in1k,maxvit,52.5,53.841,1.341000000000001,2.5,1.4070000000000036,1.1121020137059765,0.6090442421441079,83.522,96.488,29.06,224
vpt1_v18,VPT1 v18,maxvit_tiny_tf_224.in1k,maxvit,53.971,57.93,3.959000000000003,1.9919999999999973,1.328000000000003,0.8132799162786577,0.5449519856525602,83.426,96.584,30.92,224
vpt1_v18,VPT1 v18,maxvit_tiny_tf_512.in1k,maxvit,56.028,62.018,5.990000000000002,1.328000000000003,0.4299999999999997,0.5926872887300879,0.18152379703192814,85.658,97.592,31.05,512
vpt1_v18,VPT1 v18,maxxvitv2_rmlp_base_rw_384.sw_in12k_ft_in1k,maxxvitv2,57.201,58.32,1.1189999999999998,1.171999999999997,7.225999999999999,0.4873064288058944,3.0428068547897604,87.48,98.376,116.09,384
vpt1_v18,VPT1 v18,mixer_b16_224.goog_in21k_ft_in1k,mixer,52.656,57.083,4.427,0.625,3.5549999999999997,0.2780723327161872,1.475687485735227,76.616,92.25,59.88,224
vpt1_v18,VPT1 v18,mixnet_l.ft_in1k,mixnet,56.654,52.721,-3.933000000000007,1.8359999999999985,1.7970000000000041,0.8392818358573,0.771645140088515,78.97,94.18,7.33,224
vpt1_v18,VPT1 v18,mixnet_m.ft_in1k,mixnet,56.185,53.333,-2.852000000000004,1.7580000000000027,2.4609999999999985,0.8196914053471596,1.1167990966249128,77.268,93.418,5.01,224
vpt1_v18,VPT1 v18,mixnet_s.ft_in1k,mixnet,55.274,52.904,-2.3699999999999974,1.093999999999994,0.9380000000000024,0.4983501669397603,0.39392582494113804,76.0,92.796,4.13,224
vpt1_v18,VPT1 v18,mixnet_xl.ra_in1k,mixnet,53.529,52.24,-1.2890000000000015,1.2109999999999985,2.3829999999999956,0.4985585890009979,1.0307519369642488,80.494,94.938,11.9,224
vpt1_v18,VPT1 v18,mnasnet_100.rmsp_in1k,mnasnet,55.495,54.036,-1.458999999999996,1.171999999999997,3.5159999999999982,0.5127418670463928,1.4774043304239886,74.672,92.108,4.38,224
vpt1_v18,VPT1 v18,mnasnet_small.lamb_in1k,mnasnet,54.909,53.997,-0.911999999999999,0.9379999999999953,0.19599999999999795,0.38337796841585087,0.0805701902415241,66.204,86.47,2.03,224
vpt1_v18,VPT1 v18,mobilenetv2_050.lamb_in1k,mobilenetv2,56.289,52.019,-4.270000000000003,0.9769999999999968,1.9140000000000015,0.4220197467733775,0.7905079941967004,65.928,86.114,1.97,224
vpt1_v18,VPT1 v18,mobilenetv2_100.ra_in1k,mobilenetv2,55.247,53.542,-1.7049999999999983,1.7579999999999956,1.6409999999999982,0.7943140996412481,0.717762418136313,72.91,91.0,3.5,224
vpt1_v18,VPT1 v18,mobilenetv2_110d.ra_in1k,mobilenetv2,54.609,54.531,-0.07800000000000296,0.9369999999999976,0.8599999999999994,0.39818114247440345,0.3883309012799371,75.056,92.186,4.52,224
vpt1_v18,VPT1 v18,mobilenetv2_120d.ra_in1k,mobilenetv2,55.651,55.0,-0.6510000000000034,1.9140000000000015,0.7810000000000059,0.8932177785960156,0.35932745820800277,77.3,93.516,5.83,224
vpt1_v18,VPT1 v18,mobilenetv2_140.ra_in1k,mobilenetv2,56.953,53.828,-3.125,0.546999999999997,1.0159999999999982,0.2491750834698809,0.41843119705235426,76.528,93.008,6.11,224
vpt1_v18,VPT1 v18,mobilenetv3_large_100.miil_in21k_ft_in1k,mobilenetv3,56.302,54.049,-2.253,1.5230000000000032,2.3049999999999997,0.6331419008932107,0.9687794153240226,77.92,92.894,5.48,224
vpt1_v18,VPT1 v18,mobilenetv3_large_100.ra_in1k,mobilenetv3,55.873,53.125,-2.7479999999999976,2.969000000000001,1.5620000000000047,1.2143322810865607,0.6588009309849748,75.784,92.528,5.48,224
vpt1_v18,VPT1 v18,mobilenetv3_rw.rmsp_in1k,mobilenetv3,54.974,54.284,-0.6899999999999977,0.5069999999999979,1.600999999999999,0.21202358359390036,0.6613808786672519,75.616,92.696,5.48,224
vpt1_v18,VPT1 v18,mobilenetv3_small_100.lamb_in1k,mobilenetv3,54.922,54.245,-0.6769999999999996,0.6640000000000015,1.2890000000000015,0.27249994903159613,0.5490794316146091,67.636,87.638,2.54,224
vpt1_v18,VPT1 v18,mobilenetv4_conv_medium.e250_r384_in12k_ft_in1k,mobilenetv4,56.667,55.833,-0.8340000000000032,0.7420000000000044,0.11700000000000443,0.3257261972202365,0.04864154602806308,82.776,96.448,9.72,384
vpt1_v18,VPT1 v18,mobilenetv4_conv_small_050.e3000_r224_in1k,mobilenetv4,55.339,54.063,-1.2759999999999962,1.5230000000000032,1.718999999999994,0.7002886706367764,0.7541044725736302,64.778,85.5,2.24,224
vpt1_v18,VPT1 v18,mobileone_s2.apple_in1k,mobileone,54.232,58.346,4.113999999999997,1.2890000000000015,0.11700000000000443,0.5358588122506407,0.04864154602806308,77.504,93.664,7.88,224
vpt1_v18,VPT1 v18,mobileone_s4.apple_in1k,mobileone,55.742,56.12,0.3780000000000001,1.0159999999999982,1.171999999999997,0.41843119705235426,0.4872172684405444,79.446,94.49,14.95,224
vpt1_v18,VPT1 v18,mobilevit_xs.cvnets_in1k,mobilevit,55.26,56.185,0.9250000000000043,3.827999999999996,2.9299999999999997,1.6834997937497795,1.372115236495179,74.618,92.35,2.32,256
vpt1_v18,VPT1 v18,mobilevit_xxs.cvnets_in1k,mobilevit,54.974,54.297,-0.6769999999999996,2.225999999999999,3.281000000000006,0.9912850246019043,1.3406074079394865,68.936,88.942,1.27,256
vpt1_v18,VPT1 v18,mobilevitv2_050.cvnets_in1k,mobilevitv2,52.982,53.125,0.14300000000000068,1.8359999999999985,2.773999999999994,0.7509661924628973,1.2722863933355026,70.156,89.93,1.37,256
vpt1_v18,VPT1 v18,mobilevitv2_200.cvnets_in1k,mobilevitv2,53.464,55.937,2.472999999999999,0.9759999999999991,2.3430000000000035,0.39856185913300235,0.9581281519481402,81.148,95.38,18.45,256
vpt1_v18,VPT1 v18,mvitv2_base.fb_in1k,mvitv2,54.492,58.385,3.8930000000000007,1.0940000000000012,0.8590000000000018,0.4983501669397622,0.3960642484356412,84.424,96.864,51.47,224
vpt1_v18,VPT1 v18,mvitv2_large.fb_in1k,mvitv2,55.938,59.388,3.4499999999999957,0.3130000000000024,4.061999999999998,0.1392703206796856,1.6705903148288623,85.264,97.188,217.99,224
vpt1_v18,VPT1 v18,mvitv2_small.fb_in1k,mvitv2,55.325,58.164,2.8389999999999986,4.295999999999999,1.5229999999999961,1.8180556158220844,0.6223734141708375,83.772,96.558,34.87,224
vpt1_v18,VPT1 v18,mvitv2_tiny.fb_in1k,mvitv2,55.247,57.461,2.2139999999999986,0.4689999999999941,4.452999999999996,0.2124936600361405,1.916718202205703,82.408,96.15,24.17,224
vpt1_v18,VPT1 v18,pit_b_224.in1k,pit,53.906,54.362,0.45600000000000307,3.5549999999999997,1.1720000000000041,1.5433298056115186,0.5005623504286638,82.458,95.704,73.76,224
vpt1_v18,VPT1 v18,pit_b_distilled_224.in1k,pit,54.245,55.391,1.1460000000000008,2.421999999999997,1.5629999999999953,0.9971781296349314,0.6952277005093749,83.774,96.468,74.79,224
vpt1_v18,VPT1 v18,pit_s_224.in1k,pit,54.987,55.573,0.5859999999999985,2.577999999999996,1.2890000000000015,1.0603031013189874,0.52823542731122,81.114,95.336,23.46,224
vpt1_v18,VPT1 v18,pit_s_distilled_224.in1k,pit,53.164,55.885,2.7209999999999965,1.3669999999999973,1.445999999999998,0.59067325052764,0.6107210674458687,81.826,95.72,24.04,224
vpt1_v18,VPT1 v18,pit_ti_224.in1k,pit,55.143,55.091,-0.0519999999999996,1.171999999999997,3.1639999999999944,0.48408539191620464,1.3622608658647806,72.926,91.412,4.85,224
vpt1_v18,VPT1 v18,pit_ti_distilled_224.in1k,pit,54.05,53.711,-0.33899999999999864,3.046999999999997,1.8360000000000056,1.36876984511235,0.8311726655755725,74.276,91.92,5.1,224
vpt1_v18,VPT1 v18,pit_xs_224.in1k,pit,52.969,55.312,2.3429999999999964,0.8990000000000009,1.2890000000000015,0.39222810823408416,0.5441166133182204,78.196,94.156,10.62,224
vpt1_v18,VPT1 v18,pit_xs_distilled_224.in1k,pit,54.141,56.133,1.9920000000000044,1.0940000000000012,2.5390000000000015,0.4764523993946188,1.05436457957704,79.172,94.35,11.0,224
vpt1_v18,VPT1 v18,poolformer_m36.sail_in1k,poolformer,55.221,57.162,1.9410000000000025,1.718999999999994,1.171999999999997,0.713523806345814,0.5196340592720557,82.104,95.698,56.17,224
vpt1_v18,VPT1 v18,poolformer_m48.sail_in1k,poolformer,55.234,56.068,0.8339999999999961,2.5390000000000015,2.2650000000000006,1.1380200154459303,0.9887112824277876,82.462,95.968,73.47,224
vpt1_v18,VPT1 v18,poolformer_s12.sail_in1k,poolformer,53.554,54.622,1.0679999999999978,0.7809999999999988,1.445999999999998,0.35932745820799944,0.6156889546588344,77.238,93.538,11.92,224
vpt1_v18,VPT1 v18,poolformer_s24.sail_in1k,poolformer,54.675,56.029,1.3540000000000063,1.1329999999999956,1.2890000000000015,0.48838122632040226,0.5263123280587937,80.294,95.06,21.39,224
vpt1_v18,VPT1 v18,poolformer_s36.sail_in1k,poolformer,53.242,55.664,2.422000000000004,1.9919999999999973,1.7970000000000041,0.9390378054157339,0.7336222158274367,81.428,95.442,30.86,224
vpt1_v18,VPT1 v18,poolformerv2_m36.sail_in1k,poolformerv2,55.898,60.091,4.192999999999998,2.030999999999999,4.843999999999994,0.8291523114335235,2.018587680092746,82.214,95.896,56.08,224
vpt1_v18,VPT1 v18,poolformerv2_s12.sail_in1k,poolformerv2,54.753,55.82,1.0670000000000002,2.1869999999999976,0.9369999999999976,0.9460395810371186,0.4168743482420353,78.008,93.864,11.89,224
vpt1_v18,VPT1 v18,poolformerv2_s24.sail_in1k,poolformerv2,54.271,57.656,3.384999999999998,3.8669999999999973,4.805,1.615017922157177,1.9633768529415503,80.746,95.318,21.34,224
vpt1_v18,VPT1 v18,poolformerv2_s36.sail_in1k,poolformerv2,54.115,59.505,5.390000000000001,0.546999999999997,1.4840000000000018,0.2578582728726929,0.6069552427211314,81.576,95.68,30.79,224
vpt1_v18,VPT1 v18,pvt_v2_b0.in1k,pvt,54.883,56.133,1.25,1.4840000000000018,1.445999999999998,0.6449208392422199,0.6211614569140248,70.654,90.206,3.67,224
vpt1_v18,VPT1 v18,pvt_v2_b1.in1k,pvt,55.234,57.279,2.0450000000000017,1.7580000000000027,1.9140000000000015,0.7182392049697351,0.9022682527940353,78.698,94.49,14.01,224
vpt1_v18,VPT1 v18,pvt_v2_b2.in1k,pvt,55.937,58.372,2.4350000000000023,0.703000000000003,3.280999999999999,0.2922947523001788,1.3399737145017265,82.062,95.966,25.36,224
vpt1_v18,VPT1 v18,pvt_v2_b2_li.in1k,pvt,54.062,56.849,2.786999999999999,3.905999999999999,2.6169999999999973,1.598461204478301,1.079753984325441,82.2,96.108,22.55,224
vpt1_v18,VPT1 v18,pvt_v2_b3.in1k,pvt,54.87,58.086,3.216000000000001,1.25,4.375,0.5185235449491823,1.7996889237371616,83.12,96.56,45.24,224
vpt1_v18,VPT1 v18,pvt_v2_b4.in1k,pvt,54.167,57.252,3.085000000000001,2.928999999999995,3.671999999999997,1.2781138012277637,1.6041064664028855,83.71,96.672,62.56,224
vpt1_v18,VPT1 v18,pvt_v2_b5.in1k,pvt,53.659,57.747,4.088000000000001,1.0940000000000012,3.007000000000005,0.48316272851102837,1.3499966255101872,83.76,96.634,81.96,224
vpt1_v18,VPT1 v18,regnetx_002.pycls_in1k,regnetx,54.87,55.938,1.068000000000005,2.6170000000000044,0.5859999999999985,1.0798223104854916,0.24084480941515404,68.758,88.568,2.68,224
vpt1_v18,VPT1 v18,regnetx_004.pycls_in1k,regnetx,53.19,57.044,3.853999999999999,2.8900000000000006,1.6020000000000039,1.1834131428485435,0.6769940094926182,72.482,90.84,5.16,224
vpt1_v18,VPT1 v18,regnetx_004_tv.tv2_in1k,regnetx,52.695,54.883,2.1880000000000024,2.3049999999999997,1.6799999999999997,0.9607033303204945,0.774229940004905,74.596,92.14,5.5,224
vpt1_v18,VPT1 v18,regnetx_008.pycls_in1k,regnetx,53.399,57.214,3.8149999999999977,0.5859999999999985,1.0930000000000035,0.24084480941515443,0.4556331370253453,75.054,92.338,7.26,224
vpt1_v18,VPT1 v18,regnetx_008.tv2_in1k,regnetx,53.945,56.133,2.1880000000000024,2.344000000000001,0.6640000000000015,0.9585221263312953,0.28348936879929504,77.294,93.664,7.26,224
vpt1_v18,VPT1 v18,regnetx_016.pycls_in1k,regnetx,54.232,59.518,5.286000000000001,1.25,1.600999999999999,0.5490952153821371,0.7132135413433728,76.936,93.432,9.19,224
vpt1_v18,VPT1 v18,regnetx_016.tv2_in1k,regnetx,53.307,60.117,6.809999999999995,1.3670000000000044,3.7890000000000015,0.5581511145439635,1.5879597671925518,79.44,94.768,9.19,224
vpt1_v18,VPT1 v18,regnetx_032.pycls_in1k,regnetx,53.398,58.281,4.882999999999996,1.7959999999999994,2.3049999999999997,0.804628416655097,0.9511292703354726,78.16,94.088,15.3,224
vpt1_v18,VPT1 v18,regnety_002.pycls_in1k,regnety,52.174,55.625,3.4510000000000005,2.656000000000006,0.7419999999999973,1.164011836518668,0.3140767775914377,70.288,89.544,3.16,224
vpt1_v18,VPT1 v18,regnety_004.pycls_in1k,regnety,55.43,57.656,2.225999999999999,1.6019999999999968,1.2890000000000015,0.6546048850685074,0.5441166133182195,74.004,91.756,4.34,224
vpt1_v18,VPT1 v18,regnety_004.tv2_in1k,regnety,54.297,56.25,1.953000000000003,1.6799999999999997,1.25,0.6996267258728435,0.5364649724508269,75.594,92.706,4.34,224
vpt1_v18,VPT1 v18,regnety_006.pycls_in1k,regnety,54.987,57.161,2.1739999999999995,2.3429999999999964,1.2109999999999985,1.0065117982418275,0.5047179630469095,75.274,92.532,6.06,224
vpt1_v18,VPT1 v18,regnety_008.pycls_in1k,regnety,52.383,57.252,4.869,0.42900000000000205,2.4609999999999985,0.19369563753476807,1.0444584987234076,76.334,93.06,6.26,224
vpt1_v18,VPT1 v18,regnety_008_tv.tv2_in1k,regnety,53.867,56.055,2.1880000000000024,2.9299999999999997,1.2890000000000015,1.2489390163921796,0.5326956604541352,78.672,94.38,6.43,224
vpt1_v18,VPT1 v18,regnety_016.pycls_in1k,regnety,53.06,57.123,4.062999999999995,1.1720000000000041,2.0700000000000003,0.5196340592720577,0.8511299678793024,77.88,93.726,11.2,224
vpt1_v18,VPT1 v18,regnety_016.tv2_in1k,regnety,53.36,56.732,3.372,0.625,4.4140000000000015,0.2780723327161872,1.8339560154667474,80.668,95.336,11.2,224
vpt1_v18,VPT1 v18,regnety_032.pycls_in1k,regnety,56.888,57.044,0.1559999999999988,0.39000000000000057,1.132000000000005,0.1602747640771937,0.4941230166219317,78.902,94.426,19.44,224
vpt1_v18,VPT1 v18,regnety_040.ra3_in1k,regnety,54.44,55.586,1.1460000000000008,0.625,1.4450000000000003,0.28587915084680227,0.5956917547412138,82.308,96.078,20.65,224
vpt1_v18,VPT1 v18,regnety_080.ra3_in1k,regnety,54.831,55.599,0.7679999999999936,0.7420000000000044,2.225999999999999,0.3192766129166941,1.0065376296989592,83.166,96.48,39.18,224
vpt1_v18,VPT1 v18,regnety_120.sw_in12k_ft_in1k,regnety,55.508,56.836,1.3279999999999959,0.5860000000000056,3.3590000000000018,0.2762430491835472,1.3889766816697193,84.994,97.412,51.82,224
vpt1_v18,VPT1 v18,regnety_160.lion_in12k_ft_in1k,regnety,56.302,57.578,1.2760000000000034,0.42900000000000205,1.5630000000000024,0.18106904760339396,0.6475967538179582,85.602,97.668,83.59,224
vpt1_v18,VPT1 v18,regnety_320.swag_ft_in1k,regnety,57.266,59.453,2.1870000000000047,0.35199999999999676,1.5620000000000047,0.14628131193772473,0.640064580075065,86.83,98.362,145.05,384
vpt1_v18,VPT1 v18,regnety_320.tv2_in1k,regnety,54.167,56.888,2.7209999999999965,2.1480000000000032,3.1640000000000015,0.8781086999278002,1.3011444535057937,83.17,96.416,145.05,224
vpt1_v18,VPT1 v18,regnetz_d32.ra3_in1k,regnetz,54.818,57.786,2.9680000000000035,0.4299999999999997,1.6410000000000053,0.17577510884334238,0.670956696731534,83.432,96.634,27.58,256
vpt1_v18,VPT1 v18,repghostnet_050.in1k,repghostnet,57.044,56.367,-0.6769999999999996,0.39099999999999824,0.5859999999999985,0.16385833990235404,0.24079082669865545,66.978,86.936,2.31,224
vpt1_v18,VPT1 v18,repghostnet_058.in1k,repghostnet,55.156,55.729,0.5730000000000004,0.39000000000000057,1.4070000000000036,0.16849925815860528,0.6031817489133966,68.938,88.386,2.55,224
vpt1_v18,VPT1 v18,repvgg_a0.rvgg_in1k,repvgg,56.055,58.984,2.929000000000002,0.4299999999999997,1.0930000000000035,0.17773638406984152,0.4759876282239106,72.426,90.506,9.11,224
vpt1_v18,VPT1 v18,repvgg_a1.rvgg_in1k,repvgg,54.153,59.623,5.469999999999999,1.6409999999999982,2.3830000000000027,0.6762446960153461,0.988492567273805,74.474,91.852,14.09,224
vpt1_v18,VPT1 v18,repvgg_a2.rvgg_in1k,repvgg,54.31,58.216,3.905999999999999,2.0700000000000003,1.796999999999997,0.8759497702494136,0.7717914226006906,76.488,93.016,28.21,224
vpt1_v18,VPT1 v18,repvgg_b0.rvgg_in1k,repvgg,55.378,57.305,1.9269999999999996,1.2100000000000009,1.1330000000000027,0.4981842586388656,0.4827948724757644,75.158,92.41,15.82,224
vpt1_v18,VPT1 v18,repvgg_b1.rvgg_in1k,repvgg,53.438,59.544,6.1059999999999945,2.149000000000001,2.1480000000000032,0.9951731284332165,0.9621766989487961,78.37,94.106,57.42,224
vpt1_v18,VPT1 v18,repvgg_b1g4.rvgg_in1k,repvgg,56.602,59.505,2.903000000000006,0.9769999999999968,3.046999999999997,0.44332255625998435,1.368573222983214,77.608,93.846,39.97,224
vpt1_v18,VPT1 v18,repvgg_b2.rvgg_in1k,repvgg,55.378,60.26,4.881999999999998,1.4450000000000003,2.8120000000000047,0.6103869446688898,1.1765974483890231,78.788,94.414,89.02,224
vpt1_v18,VPT1 v18,repvgg_b2g4.rvgg_in1k,repvgg,55.247,58.802,3.5549999999999997,2.147999999999996,2.7349999999999994,0.8850541728554733,1.2298067598881808,79.396,94.68,61.76,224
vpt1_v18,VPT1 v18,repvgg_b3g4.rvgg_in1k,repvgg,57.93,62.656,4.725999999999999,0.8590000000000018,2.851000000000006,0.35495946560448705,1.3004512891898576,80.224,95.1,83.83,224
vpt1_v18,VPT1 v18,repvgg_d2se.rvgg_in1k,repvgg,54.427,59.193,4.765999999999998,1.600999999999999,1.5619999999999976,0.655219556077706,0.6387430364917221,83.55,96.666,133.33,320
vpt1_v18,VPT1 v18,repvit_m1_0.dist_450e_in1k,repvit,53.399,54.492,1.0929999999999964,1.406000000000006,1.1720000000000041,0.6151039659186827,0.5524860983670911,80.43,94.922,7.3,224
vpt1_v18,VPT1 v18,repvit_m1_1.dist_450e_in1k,repvit,53.802,54.87,1.0679999999999978,3.280999999999999,1.328000000000003,1.3475390738511273,0.5926872887300892,81.314,95.568,8.8,224
vpt1_v18,VPT1 v18,repvit_m2_3.dist_450e_in1k,repvit,54.922,53.424,-1.4979999999999976,3.125,0.7029999999999959,1.390174329595633,0.31462817561192474,83.746,96.65,23.69,224
vpt1_v18,VPT1 v18,res2net50_14w_8s.in1k,res2net50,53.776,57.682,3.905999999999999,2.1880000000000024,2.3049999999999997,0.8934364368362577,1.0684538153591658,78.142,93.852,25.06,224
vpt1_v18,VPT1 v18,res2net50_26w_4s.in1k,res2net50,55.026,57.123,2.096999999999994,0.23399999999999466,2.2659999999999982,0.10236210236215201,0.976611261227083,77.994,93.86,25.7,224
vpt1_v18,VPT1 v18,res2net50_26w_6s.in1k,res2net50,52.982,57.292,4.310000000000002,0.03900000000000148,1.1720000000000041,0.018384776310850934,0.49559481658127086,78.586,94.12,37.05,224
vpt1_v18,VPT1 v18,res2net50_26w_8s.in1k,res2net50,54.675,58.659,3.9840000000000018,0.15699999999999648,2.0700000000000003,0.07401050976419031,0.8475381341797482,78.95,94.28,48.4,224
vpt1_v18,VPT1 v18,res2net50_48w_2s.in1k,res2net50,54.87,57.826,2.956000000000003,1.7579999999999956,3.007000000000005,0.7177624181363123,1.3017235582957805,77.528,93.562,25.29,224
vpt1_v18,VPT1 v18,res2net50d.in1k,res2net50d.in1k,53.424,55.612,2.1880000000000024,1.2899999999999991,2.5,0.5286626733770994,1.0526906267064198,80.28,95.028,25.72,224
vpt1_v18,VPT1 v18,resmlp_12_224.fb_distilled_in1k,resmlp,53.802,56.966,3.1640000000000015,0.9380000000000024,1.9919999999999973,0.40398349801281214,0.8318238328449642,77.948,93.57,15.35,224
vpt1_v18,VPT1 v18,resmlp_12_224.fb_in1k,resmlp,54.74,58.099,3.3589999999999947,0.07799999999999585,3.085000000000001,0.036769552621698516,1.2594795221307362,76.66,93.17,15.35,224
vpt1_v18,VPT1 v18,resmlp_24_224.fb_in1k,resmlp,52.812,55.912,3.1000000000000014,0.8590000000000018,2.578000000000003,0.355032705848662,1.0627565833978905,79.38,94.55,30.02,224
vpt1_v18,VPT1 v18,resmlp_36_224.fb_in1k,resmlp,51.914,58.294,6.3799999999999955,0.820999999999998,2.578000000000003,0.3363044255829325,1.206193553659151,79.772,94.888,44.69,224
vpt1_v18,VPT1 v18,resnest101e.in1k,resnest,54.531,58.021,3.490000000000002,0.5079999999999956,3.5549999999999997,0.22319547984271948,1.6151388657188457,82.916,96.31,48.28,256
vpt1_v18,VPT1 v18,resnest50d.in1k,resnest,53.464,57.344,3.8800000000000026,0.19599999999999795,2.1480000000000032,0.0805701902415241,0.8773582823200325,80.958,95.372,27.48,224
vpt1_v18,VPT1 v18,resnest50d_1s4x24d.in1k,resnest,54.661,58.841,4.18,0.625,1.8359999999999985,0.27128869411672096,0.8392818358573,81.024,95.338,25.68,224
vpt1_v18,VPT1 v18,resnest50d_4s2x40d.in1k,resnest,53.685,57.943,4.257999999999996,0.8990000000000009,3.047000000000004,0.4064537694088553,1.282767580922854,81.146,95.566,30.42,224
vpt1_v18,VPT1 v18,resnet101.a1_in1k,resnet,53.398,53.659,0.2609999999999957,3.047000000000004,0.3120000000000047,1.2549200063040775,0.13257450735341417,81.494,95.164,44.55,224
vpt1_v18,VPT1 v18,resnet101.a2_in1k,resnet,54.805,55.169,0.3639999999999972,1.7970000000000041,1.25,0.7357102388546446,0.5264030986062121,81.344,95.198,44.55,224
vpt1_v18,VPT1 v18,resnet101.a3_in1k,resnet,54.661,57.005,2.344000000000001,0.625,2.031000000000006,0.257824660487618,0.8682527793729734,77.928,93.686,44.55,160
vpt1_v18,VPT1 v18,resnet10t.c3_in1k,resnet,54.479,55.221,0.7419999999999973,1.5629999999999953,0.9379999999999953,0.6641146152752698,0.4103797699150799,66.724,86.976,5.44,176
vpt1_v18,VPT1 v18,resnet14t.c3_in1k,resnet,52.891,58.086,5.195,0.7419999999999973,2.1870000000000047,0.3041516434646074,0.9524400243584915,71.318,89.68,10.08,176
vpt1_v18,VPT1 v18,resnet152.a1_in1k,resnet,55.612,54.388,-1.2240000000000038,0.6640000000000015,3.203000000000003,0.29634364436504396,1.3862787117555655,81.998,95.294,60.19,224
vpt1_v18,VPT1 v18,resnet152.a3_in1k,resnet,54.414,55.833,1.418999999999997,0.8599999999999994,0.9380000000000024,0.3553993059456739,0.3899341824804121,78.896,94.14,60.19,160
vpt1_v18,VPT1 v18,resnet18.a1_in1k,resnet,53.06,54.284,1.2239999999999966,0.8210000000000051,1.3279999999999959,0.3383085376792434,0.5424653598771675,71.504,90.086,11.69,224
vpt1_v18,VPT1 v18,resnet18.a3_in1k,resnet,54.935,55.977,1.0419999999999945,1.4059999999999988,0.2740000000000009,0.5786887476585891,0.11526587622632398,65.67,86.268,11.69,160
vpt1_v18,VPT1 v18,resnet18.fb_ssl_yfcc100m_ft_in1k,resnet,54.557,59.44,4.882999999999996,1.8350000000000009,2.344000000000001,0.8016717255557632,0.9576401551035063,72.636,91.416,11.69,224
vpt1_v18,VPT1 v18,resnet18.fb_swsl_ig1b_ft_in1k,resnet,56.263,59.688,3.4250000000000043,1.328000000000003,1.2109999999999985,0.600351193515559,0.5309113757388215,73.286,91.754,11.69,224
vpt1_v18,VPT1 v18,resnet18.gluon_in1k,resnet,54.31,59.062,4.751999999999995,2.2650000000000006,0.4299999999999997,0.9887112824277876,0.177736384069841,70.844,89.75,11.69,224
vpt1_v18,VPT1 v18,resnet18.tv_in1k,resnet,56.003,58.333,2.3299999999999983,0.9369999999999976,2.2650000000000006,0.3843143967581162,0.9465890813277376,69.752,89.082,11.69,224
vpt1_v18,VPT1 v18,resnet200d.ra2_in1k,resnet,57.643,58.724,1.080999999999996,1.4450000000000003,0.8599999999999994,0.5899903954020496,0.38065557485299906,83.25,96.552,64.69,256
vpt1_v18,VPT1 v18,resnet34.a1_in1k,resnet,54.648,55.182,0.5339999999999989,3.085000000000001,2.6169999999999973,1.3096056234183213,1.1213605823086317,76.42,92.896,21.8,224
vpt1_v18,VPT1 v18,resnet34.a3_in1k,resnet,54.596,56.641,2.0450000000000017,0.8200000000000003,4.061999999999998,0.3695414576050819,1.7479173003574524,70.58,89.54,21.8,160
vpt1_v18,VPT1 v18,resnet34.gluon_in1k,resnet,55.612,58.776,3.1640000000000015,2.148999999999994,1.328000000000003,0.8854268273926774,0.5924969760822982,74.574,91.988,21.8,224
vpt1_v18,VPT1 v18,resnet34d.ra2_in1k,resnet,54.675,54.401,-0.2739999999999938,2.1090000000000018,2.5389999999999944,0.873507234594477,1.1233415429967044,77.108,93.372,21.82,224
vpt1_v18,VPT1 v18,resnet50.a1_in1k,resnet,54.375,54.636,0.2610000000000028,1.9140000000000015,3.280999999999999,0.8599988372085169,1.3399737145017265,80.382,94.598,25.56,224
vpt1_v18,VPT1 v18,resnet50.a1h_in1k,resnet,55.43,55.338,-0.09199999999999875,3.632000000000005,2.304000000000002,1.635698491640669,0.9417378734139472,79.264,94.498,25.56,176
vpt1_v18,VPT1 v18,resnet50.a3_in1k,resnet,54.974,55.807,0.8330000000000055,2.3049999999999997,1.992999999999995,1.0007524946536759,0.8622537651733114,75.994,92.494,25.56,160
vpt1_v18,VPT1 v18,resnet50.am_in1k,resnet,54.102,57.188,3.0860000000000056,1.2110000000000056,1.7580000000000027,0.4951572140913115,0.7308704095498445,79.004,94.392,25.56,224
vpt1_v18,VPT1 v18,resnet50.ram_in1k,resnet,52.695,58.724,6.028999999999996,0.19500000000000028,1.25,0.08424962907930209,0.5892556509887896,79.034,94.386,25.56,224
vpt1_v18,VPT1 v18,resnet50.tv_in1k,resnet,52.851,59.714,6.8629999999999995,2.1090000000000018,4.061999999999998,0.8627754954538038,1.6947924815609583,76.156,92.866,25.56,224
vpt1_v18,VPT1 v18,resnet50d.a3_in1k,resnet,54.531,53.972,-0.5589999999999975,0.1559999999999988,1.406000000000006,0.06368673331236215,0.6451962664354352,77.222,93.256,25.58,160
vpt1_v18,VPT1 v18,resnet50d.ra2_in1k,resnet,54.922,57.318,2.396000000000001,2.9299999999999997,1.2890000000000015,1.2850154344079552,0.5546075689670632,80.546,95.16,25.58,224
vpt1_v18,VPT1 v18,resnetrs50.tf_in1k,resnetrs,54.597,56.862,2.2650000000000006,2.0700000000000003,0.8599999999999994,0.862981395447717,0.3806555748529977,77.858,93.81,35.69,160
vpt1_v18,VPT1 v18,resnext101_32x8d.tv2_in1k,resnext,53.841,56.289,2.4480000000000004,2.8130000000000024,1.2890000000000015,1.2587885710740578,0.5820265362411668,81.99,95.716,88.79,176
vpt1_v18,VPT1 v18,resnext50_32x4d.a1_in1k,resnext,55.977,56.185,0.2080000000000055,0.8200000000000003,0.703000000000003,0.34489160938216834,0.2963290213409575,80.526,94.458,25.03,224
vpt1_v18,VPT1 v18,resnext50_32x4d.tv_in1k,resnext,56.055,59.518,3.463000000000001,1.25,1.0549999999999997,0.5561446654323757,0.4883989716978887,77.632,93.674,25.03,224
vpt1_v18,VPT1 v18,rexnet_100.nav_in1k,rexnet,52.734,52.435,-0.2989999999999995,1.6799999999999997,2.1090000000000018,0.7740113407150813,0.8705953263268893,77.862,93.89,4.8,224
vpt1_v18,VPT1 v18,rexnet_130.nav_in1k,rexnet,55.143,52.214,-2.929000000000002,1.3279999999999959,0.9370000000000047,0.5498915044503463,0.4328066029481958,79.492,94.68,7.56,224
vpt1_v18,VPT1 v18,rexnet_150.nav_in1k,rexnet,54.049,53.398,-0.6509999999999962,0.39100000000000534,1.0940000000000012,0.16070746370000843,0.4983501669397622,80.322,95.164,9.73,224
vpt1_v18,VPT1 v18,rexnet_200.nav_in1k,rexnet,54.297,53.021,-1.2759999999999962,1.0940000000000012,2.2659999999999982,0.45001629600123055,0.9603559525277877,81.636,95.672,16.37,224
vpt1_v18,VPT1 v18,rexnet_300.nav_in1k,rexnet,53.633,52.839,-0.794000000000004,2.6950000000000003,1.2109999999999985,1.117117222537048,0.5047179630469095,82.78,96.23,34.71,224
vpt1_v18,VPT1 v18,selecsls60.in1k,selecsls60.in1k,56.81,57.891,1.080999999999996,1.4059999999999988,1.6400000000000006,0.6087376738428091,0.7050864407211983,77.974,93.822,30.67,224
vpt1_v18,VPT1 v18,semnasnet_075.rmsp_in1k,semnasnet,56.042,51.614,-4.428000000000004,1.1329999999999956,2.225999999999999,0.46482326390432005,0.916614907629637,73.0,91.124,2.91,224
vpt1_v18,VPT1 v18,seresnet50.a3_in1k,seresnet50.a3,54.74,54.44,-0.30000000000000426,0.8590000000000018,1.678999999999995,0.35258316591818345,0.723097196478836,75.104,92.096,28.09,160
vpt1_v18,VPT1 v18,seresnextaa101d_32x8d.sw_in12k_ft_in1k,seresnextaa101d,57.318,56.914,-0.40399999999999636,0.625,1.2890000000000015,0.28587915084680227,0.5269541409521965,85.956,97.824,93.59,224
vpt1_v18,VPT1 v18,seresnextaa101d_32x8d.sw_in12k_ft_in1k_288,seresnextaa101d,57.279,58.125,0.8459999999999965,0.9379999999999953,3.0079999999999956,0.4332776887350129,1.2357541107446164,86.53,98.094,93.59,288
vpt1_v18,VPT1 v18,shvit_s3.in1k,shvit,55.586,54.961,-0.625,2.1879999999999953,2.2269999999999968,0.9084429903228181,0.9129253346614193,77.356,93.31,14.25,224
vpt1_v18,VPT1 v18,shvit_s4.in1k,shvit,53.503,56.107,2.603999999999999,1.5230000000000032,0.8200000000000003,0.6766862066144279,0.3348833959587859,79.362,94.37,16.59,256
vpt1_v18,VPT1 v18,skresnet18.ra_in1k,skresnet18.ra,54.453,55.781,1.3279999999999959,1.25,0.9769999999999968,0.5561446654323757,0.40734833578482416,73.02,91.172,11.96,224
vpt1_v18,VPT1 v18,skresnet34.ra_in1k,skresnet34.ra,53.958,55.378,1.4200000000000017,1.679000000000002,1.1330000000000027,0.7824578085892064,0.48838122632040554,76.956,93.32,22.28,224
vpt1_v18,VPT1 v18,spnasnet_100.rmsp_in1k,spnasnet,54.336,52.279,-2.056999999999995,1.9919999999999973,1.25,0.8137060621351876,0.5116333322474864,74.086,91.826,4.42,224
vpt1_v18,VPT1 v18,swin_base_patch4_window7_224.ms_in1k,swin,54.766,59.675,4.908999999999999,3.280999999999999,3.125,1.4945800599350818,1.2842529172852035,83.604,96.45,87.77,224
vpt1_v18,VPT1 v18,swin_base_patch4_window7_224.ms_in22k_ft_in1k,swin,57.903,60.859,2.956000000000003,2.3829999999999956,4.57,1.0088430116832936,2.1272778118734013,85.276,97.566,87.77,224
vpt1_v18,VPT1 v18,swin_large_patch4_window12_384.ms_in22k_ft_in1k,swin,56.159,69.479,13.32,1.3669999999999973,2.1869999999999976,0.6186794179720393,1.013077489632458,87.142,98.228,196.74,384
vpt1_v18,VPT1 v18,swin_s3_base_224.ms_in1k,swin,52.526,57.865,5.338999999999999,1.0159999999999982,1.6799999999999997,0.4400848403054418,0.6933052878943172,83.92,96.65,71.13,224
vpt1_v18,VPT1 v18,swin_s3_small_224.ms_in1k,swin,52.24,57.721,5.4809999999999945,1.7960000000000065,2.578000000000003,0.8204569187687791,1.0526246561175874,83.778,96.46,49.74,224
vpt1_v18,VPT1 v18,swin_s3_tiny_224.ms_in1k,swin,54.271,58.984,4.713000000000001,1.25,1.9140000000000015,0.571758301693606,0.8598020444006617,82.128,95.958,28.33,224
vpt1_v18,VPT1 v18,swin_small_patch4_window7_224.ms_in1k,swin,56.016,59.844,3.828000000000003,1.6020000000000039,3.593999999999994,0.6592553037750685,1.5490888361298767,83.228,96.326,49.61,224
vpt1_v18,VPT1 v18,swin_small_patch4_window7_224.ms_in22k_ft_in1k,swin,55.338,60.82,5.481999999999999,1.7580000000000027,3.9849999999999994,0.7345666901120853,1.635285975669767,83.33,96.996,49.61,224
vpt1_v18,VPT1 v18,swin_tiny_patch4_window7_224.ms_in1k,swin,55.039,58.763,3.7239999999999966,2.225999999999999,1.5629999999999953,0.9582776215690306,0.7108347205926266,81.388,95.54,28.29,224
vpt1_v18,VPT1 v18,swin_tiny_patch4_window7_224.ms_in22k_ft_in1k,swin,57.513,58.477,0.9639999999999986,2.421999999999997,3.4379999999999953,0.9894607959220337,1.4208638999644605,80.966,96.02,28.29,224
vpt1_v18,VPT1 v18,swinv2_base_window12to16_192to256.ms_in22k_ft_in1k,swinv2,57.682,62.122,4.439999999999998,0.27299999999999613,1.992999999999995,0.1118302284715526,0.8751138338651833,86.27,97.906,87.92,256
vpt1_v18,VPT1 v18,swinv2_base_window12to24_192to384.ms_in22k_ft_in1k,swinv2,59.753,61.341,1.588000000000001,0.5859999999999985,10.234000000000002,0.24779740829063426,4.179994577348955,87.142,98.228,87.92,384
vpt1_v18,VPT1 v18,swinv2_cr_small_224.sw_in1k,swinv2,54.102,57.734,3.632000000000005,0.19599999999999795,9.571000000000005,0.0847125859729357,4.21255507052694,83.126,96.11,49.7,224
vpt1_v18,VPT1 v18,swinv2_cr_small_ns_224.sw_in1k,swinv2,54.245,56.601,2.3560000000000016,1.054000000000002,3.6330000000000027,0.4879278179767538,1.6599972556871574,83.49,96.486,49.7,224
vpt1_v18,VPT1 v18,swinv2_cr_tiny_ns_224.sw_in1k,swinv2,54.596,56.614,2.0180000000000007,1.5629999999999953,4.18,0.6814662297005032,1.8479006707312178,81.796,95.824,28.33,224
vpt1_v18,VPT1 v18,swinv2_large_window12to16_192to256.ms_in22k_ft_in1k,swinv2,56.901,63.19,6.288999999999994,0.4680000000000035,12.89,0.19456618411224663,5.9261011353727895,86.934,98.106,196.74,256
vpt1_v18,VPT1 v18,swinv2_large_window12to24_192to384.ms_in22k_ft_in1k,swinv2,57.656,70.195,12.538999999999994,1.328000000000003,12.655999999999999,0.5669787375985891,5.185636594371889,87.474,98.264,196.74,384
vpt1_v18,VPT1 v18,swinv2_small_window16_256.ms_in1k,swinv2,55.651,58.073,2.421999999999997,0.23400000000000176,4.8430000000000035,0.097283092056123,2.011175941250957,84.216,96.874,49.73,256
vpt1_v18,VPT1 v18,swinv2_tiny_window16_256.ms_in1k,swinv2,53.932,55.365,1.4329999999999998,0.9760000000000062,1.8359999999999985,0.4011195443865719,0.8390698553888245,82.828,96.222,28.35,256
vpt1_v18,VPT1 v18,tf_efficientnet_b0.aa_in1k,tf_efficientnet,56.64,53.047,-3.5930000000000035,2.8130000000000024,2.070999999999998,1.1537106319273582,0.8566520102507585,76.882,93.27,5.29,224
vpt1_v18,VPT1 v18,tf_efficientnet_b0.in1k,tf_efficientnet,56.758,52.93,-3.828000000000003,3.2819999999999965,2.5389999999999944,1.3444039571497832,1.116209160009397,76.542,93.008,5.29,224
vpt1_v18,VPT1 v18,tf_efficientnet_b1.aa_in1k,tf_efficientnet,55.326,52.474,-2.852000000000004,1.2889999999999944,0.23399999999999466,0.5986597995151787,0.10236210236215201,78.84,94.202,7.79,240
vpt1_v18,VPT1 v18,tf_efficientnet_b3.aa_in1k,tf_efficientnet,54.987,54.037,-0.9500000000000028,1.3279999999999959,1.8359999999999985,0.5498915044503457,0.7657089670509426,81.648,95.724,12.23,300
vpt1_v18,VPT1 v18,tf_efficientnet_b4.aa_in1k,tf_efficientnet,56.198,53.763,-2.4350000000000023,1.5629999999999953,0.546999999999997,0.6883124290611047,0.2578582728726929,83.04,96.298,19.34,380
vpt1_v18,VPT1 v18,tf_efficientnet_b5.ra_in1k,tf_efficientnet,55.859,54.115,-1.7439999999999998,0.6640000000000015,2.5,0.28348936879929504,1.1049287558732268,83.834,96.764,30.39,456
vpt1_v18,VPT1 v18,tf_efficientnet_b6.aa_in1k,tf_efficientnet,54.44,55.521,1.081000000000003,2.030999999999999,2.5390000000000015,0.8493410517702658,1.0910644140267594,84.124,96.89,43.04,528
vpt1_v18,VPT1 v18,tf_efficientnet_b7.ap_in1k,tf_efficientnet,54.857,58.242,3.384999999999998,0.4299999999999997,1.9919999999999973,0.2027039439401435,0.8358825010463814,85.132,97.256,66.35,600
vpt1_v18,VPT1 v18,tf_efficientnet_b7.ra_in1k,tf_efficientnet,58.268,56.628,-1.6400000000000006,0.5080000000000027,1.4450000000000003,0.23083086641281172,0.6721757376030647,84.926,97.22,66.35,600
vpt1_v18,VPT1 v18,tf_efficientnetv2_b3.in21k_ft_in1k,tf_efficientnetv2,57.669,52.826,-4.842999999999996,1.953000000000003,3.476000000000006,0.8378967053813323,1.427675344358407,81.078,95.92,14.36,240
vpt1_v18,VPT1 v18,tf_efficientnetv2_l.in21k_ft_in1k,tf_efficientnetv2,55.964,57.422,1.4579999999999984,2.578000000000003,1.5229999999999961,1.1563178148281252,0.6368678565186543,85.846,97.766,118.52,384
vpt1_v18,VPT1 v18,tf_mobilenetv3_large_075.in1k,tf_mobilenetv3,55.43,53.281,-2.149000000000001,1.0549999999999997,1.4839999999999947,0.4973317694345383,0.6449208392422178,73.442,91.332,3.99,224
vpt1_v18,VPT1 v18,tf_mobilenetv3_large_minimal_100.in1k,tf_mobilenetv3,55.377,53.125,-2.2520000000000024,1.328000000000003,0.42900000000000205,0.6260252036104915,0.19369563753476807,72.27,90.664,3.92,224
vpt1_v18,VPT1 v18,tf_mobilenetv3_small_075.in1k,tf_mobilenetv3,54.766,52.839,-1.9269999999999996,0.8200000000000003,2.3049999999999997,0.36213840202638237,0.9539770553961043,65.706,86.13,2.04,224
vpt1_v18,VPT1 v18,tf_mobilenetv3_small_100.in1k,tf_mobilenetv3,55.313,54.049,-1.264000000000003,1.6010000000000062,2.851000000000006,0.7207682629589703,1.198404587589501,67.922,87.686,2.54,224
vpt1_v18,VPT1 v18,tf_mobilenetv3_small_minimal_100.in1k,tf_mobilenetv3,55.065,53.906,-1.158999999999999,0.9770000000000039,0.9370000000000047,0.4163756316917072,0.3865180748971819,62.892,84.27,2.04,224
vpt1_v18,VPT1 v18,tiny_vit_21m_224.in1k,tiny,56.601,56.823,0.2220000000000013,1.0160000000000053,1.328000000000003,0.47002434925106906,0.6170382664164545,83.268,96.602,21.2,224
vpt1_v18,VPT1 v18,tiny_vit_5m_224.in1k,tiny,55.0,54.518,-0.4819999999999993,3.202999999999996,3.0079999999999956,1.336528588046908,1.3213858886285492,79.196,94.792,5.39,224
vpt1_v18,VPT1 v18,tinynet_c.in1k,tinynet,54.323,53.255,-1.0679999999999978,1.2889999999999944,4.609999999999999,0.5301515506594924,1.9721153335666979,71.214,89.746,2.46,184
vpt1_v18,VPT1 v18,tresnet_l.miil_in1k,tresnet,54.635,58.164,3.5290000000000035,0.546999999999997,1.9139999999999944,0.2351826713193139,0.8200719480630934,81.498,95.652,55.99,224
vpt1_v18,VPT1 v18,tresnet_m.miil_in1k,tresnet,54.753,58.333,3.5799999999999983,1.4849999999999994,3.945999999999998,0.6065203120167442,1.6272902493272527,80.816,94.862,31.39,224
vpt1_v18,VPT1 v18,tresnet_m.miil_in21k_ft_in1k,tresnet,54.414,56.484,2.0700000000000003,1.0159999999999982,2.0700000000000003,0.4291977011432679,0.8562870754341415,83.09,96.112,31.39,224
vpt1_v18,VPT1 v18,tresnet_v2_l.miil_in21k_ft_in1k,tresnet,55.989,55.912,-0.07699999999999818,0.5859999999999985,2.5,0.26752486904128187,1.08499472604965,83.91,96.492,46.17,224
vpt1_v18,VPT1 v18,tresnet_xl.miil_in1k,tresnet,55.013,58.151,3.1380000000000052,0.625,1.7190000000000012,0.2946278254943948,0.7612082500866635,82.06,95.932,78.44,224
vpt1_v18,VPT1 v18,twins_pcpvt_base.in1k,twins,54.531,56.601,2.0700000000000003,1.7959999999999994,3.905999999999999,0.7517558705383607,1.628689725583796,82.724,96.35,43.83,224
vpt1_v18,VPT1 v18,twins_pcpvt_large.in1k,twins,54.688,57.253,2.5649999999999977,2.5,2.617999999999995,1.0573442622386005,1.0707434592634928,83.158,96.626,60.99,224
vpt1_v18,VPT1 v18,twins_pcpvt_small.in1k,twins,52.63,55.378,2.7479999999999976,0.546999999999997,2.070999999999998,0.22635714160493137,0.925872681432075,81.116,95.624,24.11,224
vpt1_v18,VPT1 v18,twins_svt_base.in1k,twins,53.646,57.318,3.671999999999997,1.4070000000000036,3.477000000000004,0.6031817489133966,1.5069873552518265,83.122,96.43,56.07,224
vpt1_v18,VPT1 v18,twins_svt_large.in1k,twins,54.336,60.599,6.262999999999998,2.9299999999999997,4.961000000000006,1.2217891252858102,2.145908820678706,83.718,96.6,99.27,224
vpt1_v18,VPT1 v18,twins_svt_small.in1k,twins,53.58,57.279,3.699000000000005,1.2889999999999944,0.7029999999999959,0.5744123567225489,0.28760196259568177,81.694,95.67,24.06,224
vpt1_v18,VPT1 v18,vgg11.tv_in1k,vgg11.tv,56.107,57.943,1.8359999999999985,0.8200000000000003,1.6409999999999982,0.36954145760508333,0.6709308624755769,69.05,88.63,132.86,224
vpt1_v18,VPT1 v18,vgg11_bn.tv_in1k,vgg11,54.284,58.515,4.231000000000002,0.5859999999999985,0.5859999999999985,0.2394192046506613,0.2532118129594698,70.374,89.802,132.87,224
vpt1_v18,VPT1 v18,vgg13.tv_in1k,vgg13.tv,53.75,59.037,5.286999999999999,1.1329999999999956,1.4450000000000003,0.5251503488420115,0.6553453712017462,69.95,89.262,133.05,224
vpt1_v18,VPT1 v18,vgg13_bn.tv_in1k,vgg13,55.768,58.021,2.253,0.9769999999999968,0.35200000000000387,0.4040156762635154,0.15094664252274476,71.56,90.372,133.05,224
vpt1_v18,VPT1 v18,vgg16.tv_in1k,vgg16.tv,53.75,57.357,3.6069999999999993,0.5460000000000065,2.344000000000001,0.22290356659327185,0.9571105822561298,71.594,90.398,138.36,224
vpt1_v18,VPT1 v18,vgg16_bn.tv_in1k,vgg16,55.768,60.391,4.6229999999999976,2.969000000000001,1.524000000000001,1.2519124037514238,0.6514994670416521,73.354,91.49,138.37,224
vpt1_v18,VPT1 v18,vgg19.tv_in1k,vgg19.tv,53.034,58.373,5.338999999999999,1.1329999999999956,1.2890000000000015,0.494421547534758,0.5546075689670632,72.4,90.878,143.67,224
vpt1_v18,VPT1 v18,vgg19_bn.tv_in1k,vgg19,55.052,58.62,3.567999999999998,1.171999999999997,0.7809999999999988,0.49547216538032274,0.3209821732675431,74.23,91.848,143.68,224
vpt1_v18,VPT1 v18,visformer_small.in1k,visformer,53.346,57.071,3.7250000000000014,1.3669999999999973,1.328000000000003,0.5599648798511077,0.6084742302586773,82.092,95.876,40.22,224
vpt1_v18,VPT1 v18,visformer_tiny.in1k,visformer,53.021,56.511,3.490000000000002,3.3200000000000003,1.2890000000000015,1.3932102018958463,0.5672920078956013,78.16,94.164,10.32,224
vpt1_v18,VPT1 v18,vit_base_patch16_224.augreg2_in21k_ft_in1k,vit,57.591,60.873,3.2819999999999965,2.5390000000000015,1.8359999999999985,1.0617121392668867,0.7563651381589589,85.108,97.53,86.57,224
vpt1_v18,VPT1 v18,vit_base_patch16_224.augreg_in1k,vit,54.401,54.375,-0.026000000000003354,1.6019999999999968,3.7890000000000015,0.6874112467964288,1.5470985747521073,79.154,94.108,86.57,224
vpt1_v18,VPT1 v18,vit_base_patch16_224.augreg_in21k_ft_in1k,vit,56.589,55.807,-0.7819999999999965,1.3290000000000006,7.031000000000006,0.5503334342822441,2.876290473663761,84.534,97.3,86.57,224
vpt1_v18,VPT1 v18,vit_base_patch16_224.orig_in21k_ft_in1k,vit,54.518,56.979,2.4609999999999985,0.9759999999999991,1.8359999999999985,0.4511794420060473,0.8233941947815753,81.782,96.122,86.57,224
vpt1_v18,VPT1 v18,vit_base_patch16_224.sam_in1k,vit,56.159,58.373,2.2139999999999986,0.8590000000000018,0.8590000000000018,0.3803702874247088,0.37363469979231,80.246,94.764,86.57,224
vpt1_v18,VPT1 v18,vit_base_patch16_224_miil.in21k_ft_in1k,vit,55.026,57.409,2.3829999999999956,0.5850000000000009,2.6169999999999973,0.2390020920410535,1.1012557478725005,84.278,96.798,86.54,224
vpt1_v18,VPT1 v18,vit_base_patch16_clip_224.laion2b_ft_in12k_in1k,vit,57.943,55.299,-2.6439999999999984,1.4059999999999988,1.054000000000002,0.5786887476585887,0.44206887346757395,86.204,97.762,86.57,224
vpt1_v18,VPT1 v18,vit_base_patch16_clip_224.laion2b_ft_in1k,vit,55.039,56.133,1.0940000000000012,2.226000000000006,2.3049999999999997,0.94210591525346,0.9607033303204938,85.488,97.586,86.57,224
vpt1_v18,VPT1 v18,vit_base_patch16_clip_224.openai_ft_in12k_in1k,vit,56.55,56.771,0.22100000000000364,0.9369999999999976,4.649000000000001,0.3843143967581162,1.9060088025913093,85.954,97.724,86.57,224
vpt1_v18,VPT1 v18,vit_base_patch16_clip_224.openai_ft_in1k,vit,55.273,53.58,-1.693000000000005,1.171999999999997,1.953000000000003,0.5064236259189419,0.8076659100285365,85.282,97.448,86.57,224
vpt1_v18,VPT1 v18,vit_base_patch16_clip_384.laion2b_ft_in12k_in1k,vit,58.398,58.164,-0.23400000000000176,1.171999999999997,4.882000000000005,0.4816896188303081,2.060971292053015,87.21,98.032,86.86,384
vpt1_v18,VPT1 v18,vit_base_patch16_clip_384.laion2b_ft_in1k,vit,56.797,55.586,-1.2109999999999985,1.9920000000000044,5.233999999999995,0.8137060621351905,2.237345450900834,86.638,98.008,86.86,384
vpt1_v18,VPT1 v18,vit_base_patch16_rpn_224.sw_in1k,vit,54.141,59.089,4.948,1.9140000000000015,3.9069999999999965,0.7857795845881698,1.595455281590666,82.218,95.996,86.54,224
vpt1_v18,VPT1 v18,vit_base_patch32_224.augreg_in1k,vit,54.844,56.966,2.122,0.625,2.2269999999999968,0.2780723327161872,0.90921541268649,74.908,91.77,88.22,224
vpt1_v18,VPT1 v18,vit_base_patch32_224.augreg_in21k_ft_in1k,vit,56.901,57.474,0.5729999999999933,0.8200000000000003,0.8589999999999947,0.3695414576050819,0.37363469979230673,80.732,95.574,88.22,224
vpt1_v18,VPT1 v18,vit_base_patch32_224.sam_in1k,vit,53.542,57.409,3.8669999999999973,1.7190000000000012,2.9299999999999997,0.7055968316885285,1.3136699230273443,73.704,91.012,88.22,224
vpt1_v18,VPT1 v18,vit_base_patch32_384.augreg_in1k,vit,55.807,55.846,0.03899999999999437,0.625,1.9920000000000044,0.27112891562666036,0.8195219473706759,78.75,94.238,88.3,384
vpt1_v18,VPT1 v18,vit_base_patch32_clip_224.laion2b_ft_in12k_in1k,vit,54.193,54.206,0.01300000000000523,2.7730000000000032,2.070999999999998,1.1455381074218172,0.9047962324314914,83.304,96.528,88.22,224
vpt1_v18,VPT1 v18,vit_base_patch32_clip_224.laion2b_ft_in1k,vit,53.281,54.075,0.794000000000004,1.328000000000003,3.125,0.6084742302586773,1.313557595065993,82.614,96.206,88.22,224
vpt1_v18,VPT1 v18,vit_base_patch32_clip_224.openai_ft_in1k,vit,53.815,53.854,0.03900000000000148,0.8589999999999947,2.3049999999999997,0.35836139425011654,0.9687794153240226,81.944,95.972,88.22,224
vpt1_v18,VPT1 v18,vit_base_patch8_224.augreg2_in21k_ft_in1k,vit,55.521,58.737,3.216000000000001,1.4059999999999988,1.524000000000001,0.6537962645622521,0.6771543398664742,86.252,97.84,86.58,224
vpt1_v18,VPT1 v18,vit_base_patch8_224.augreg_in21k_ft_in1k,vit,56.588,55.521,-1.0670000000000002,2.5,7.225999999999999,1.0247943967233404,3.3098896591209126,85.838,97.776,86.58,224
vpt1_v18,VPT1 v18,vit_huge_patch14_clip_224.laion2b_ft_in1k,vit,58.529,54.154,-4.375,1.25,3.946000000000005,0.5106414267043624,1.7250873085795482,87.612,98.226,632.05,224
vpt1_v18,VPT1 v18,vit_huge_patch14_clip_336.laion2b_ft_in12k_in1k,vit,60.677,53.047,-7.630000000000003,2.656000000000006,1.7180000000000035,1.086798356028694,0.7207321894357789,88.634,98.668,632.46,336
vpt1_v18,VPT1 v18,vit_large_patch14_clip_224.laion2b_ft_in12k_in1k,vit,57.825,57.148,-0.6769999999999996,1.6409999999999982,2.929000000000002,0.6998620498990412,1.2654417761749814,87.9,98.408,304.2,224
vpt1_v18,VPT1 v18,vit_large_patch14_clip_224.laion2b_ft_in1k,vit,57.513,55.508,-2.0049999999999955,1.25,7.305,0.5155818719337081,3.1900635660681678,87.288,98.236,304.2,224
vpt1_v18,VPT1 v18,vit_large_patch14_clip_224.openai_ft_in12k_in1k,vit,57.604,53.724,-3.8800000000000026,0.1559999999999988,0.7809999999999988,0.07353910524340038,0.32726577714281235,88.162,98.538,304.2,224
vpt1_v18,VPT1 v18,vit_large_patch14_clip_224.openai_ft_in1k,vit,57.24,54.297,-2.943000000000005,1.6799999999999997,2.1870000000000047,0.7576702595603335,0.9730190131749755,87.858,98.43,304.2,224
vpt1_v18,VPT1 v18,vit_large_patch16_224.augreg_in21k_ft_in1k,vit,58.359,56.641,-1.7180000000000035,1.8359999999999985,1.6020000000000039,0.7541217113673063,0.668439642417741,85.856,97.822,304.33,224
vpt1_v18,VPT1 v18,vit_large_patch16_384.augreg_in21k_ft_in1k,vit,58.503,56.745,-1.7580000000000027,0.5859999999999985,7.850999999999999,0.26752486904128187,3.2162632907701374,87.096,98.302,304.72,384
vpt1_v18,VPT1 v18,vit_large_r50_s32_384.augreg_in21k_ft_in1k,vit,57.435,55.312,-2.1230000000000047,0.5459999999999994,4.608999999999995,0.22591591356077567,1.9017518824027004,86.188,97.928,329.09,384
vpt1_v18,VPT1 v18,vit_medium_patch16_gap_384.sw_in12k_ft_in1k,vit,55.547,59.635,4.088000000000001,1.6400000000000006,7.383000000000003,0.6897832187643375,3.0963070835360567,85.556,97.638,39.03,384
vpt1_v18,VPT1 v18,vit_relpos_base_patch16_224.sw_in1k,vit,55.573,56.406,0.8329999999999984,1.7959999999999994,1.9919999999999973,0.7334443855308093,0.8137060621351876,82.482,96.144,86.43,224
vpt1_v18,VPT1 v18,vit_relpos_base_patch16_clsgap_224.sw_in1k,vit,53.867,60.951,7.084000000000003,2.225999999999999,2.5,1.022885135291347,1.0526906267064207,82.758,96.178,86.43,224
vpt1_v18,VPT1 v18,vit_relpos_medium_patch16_224.sw_in1k,vit,52.135,54.088,1.953000000000003,2.7730000000000032,0.19599999999999795,1.2120495956115922,0.09239528607504124,82.462,96.086,38.75,224
vpt1_v18,VPT1 v18,vit_relpos_medium_patch16_cls_224.sw_in1k,vit,54.44,57.083,2.6430000000000007,1.3279999999999959,2.655999999999999,0.6170382664164512,1.091973544653084,82.558,96.076,38.76,224
vpt1_v18,VPT1 v18,vit_relpos_medium_patch16_rpn_224.sw_in1k,vit,53.789,56.524,2.7349999999999994,1.3669999999999973,2.578000000000003,0.5905189807844157,1.0654646352126809,82.314,95.986,38.73,224
vpt1_v18,VPT1 v18,vit_relpos_small_patch16_224.sw_in1k,vit,54.544,54.687,0.14300000000000068,1.7959999999999994,1.0150000000000006,0.7560266015308074,0.4180576781046156,81.476,95.824,21.98,224
vpt1_v18,VPT1 v18,vit_small_patch16_224.augreg_in1k,vit,51.211,57.865,6.6540000000000035,2.850999999999999,2.1099999999999994,1.1642425291435912,0.985370770601379,78.842,94.28,22.05,224
vpt1_v18,VPT1 v18,vit_small_patch16_224.augreg_in21k_ft_in1k,vit,55.13,58.568,3.4379999999999953,0.9370000000000047,4.686999999999998,0.39347370376628343,1.9724331843351917,81.402,96.15,22.05,224
vpt1_v18,VPT1 v18,vit_so400m_patch14_siglip_gap_378.webli_ft_in1k,vit,59.023,61.198,2.174999999999997,2.8519999999999968,12.187000000000005,1.1905327472279879,5.126045324289152,89.056,98.752,414.14,378
vpt1_v18,VPT1 v18,vit_srelpos_medium_patch16_224.sw_in1k,vit,52.058,57.239,5.180999999999997,2.4609999999999985,2.1879999999999953,1.1510442601780726,0.9592904785424585,82.256,95.932,38.74,224
vpt1_v18,VPT1 v18,vit_srelpos_small_patch16_224.sw_in1k,vit,51.432,56.849,5.4169999999999945,2.6169999999999973,1.1330000000000027,1.1746183304470525,0.5166987086838482,81.108,95.58,21.97,224
vpt1_v18,VPT1 v18,vit_tiny_patch16_224.augreg_in21k_ft_in1k,vit,50.82,55.456,4.636000000000003,1.328000000000003,1.5630000000000024,0.5421537297360113,0.6548762393680887,75.452,92.858,5.72,224
vpt1_v18,VPT1 v18,vit_tiny_r_s16_p8_224.augreg_in21k_ft_in1k,vit,53.437,56.172,2.7349999999999994,4.022999999999996,1.9149999999999991,1.6937898990790499,0.7861607130012708,71.8,90.81,6.34,224
vpt1_v18,VPT1 v18,volo_d1_224.sail_in1k,volo,53.411,55.82,2.408999999999999,1.3669999999999973,1.2110000000000056,0.5600037698285797,0.5133837637565984,84.148,96.772,26.63,224
vpt1_v18,VPT1 v18,volo_d1_384.sail_in1k,volo,53.802,58.138,4.3359999999999985,2.2659999999999982,4.062000000000005,0.9258210770265847,1.800006666654322,85.262,97.218,26.78,384
vpt1_v18,VPT1 v18,volo_d2_224.sail_in1k,volo,53.802,55.872,2.0700000000000003,2.1090000000000018,2.8900000000000006,0.9162084915563713,1.3188020658494926,85.204,97.186,58.68,224
vpt1_v18,VPT1 v18,volo_d2_384.sail_in1k,volo,52.904,58.893,5.988999999999997,1.0940000000000012,2.303999999999995,0.47036534263863,1.013564995449229,86.054,97.582,58.87,384
vpt1_v18,VPT1 v18,volo_d3_224.sail_in1k,volo,54.583,57.982,3.399000000000001,0.6640000000000015,0.9379999999999953,0.2786638755841092,0.3938155236486565,85.44,97.274,86.33,224
vpt1_v18,VPT1 v18,volo_d4_224.sail_in1k,volo,55.716,56.654,0.9380000000000024,1.3279999999999959,3.9840000000000018,0.5424653598771675,1.676225389246791,85.868,97.464,192.96,224
vpt1_v18,VPT1 v18,volo_d5_224.sail_in1k,volo,55.742,57.083,1.341000000000001,1.9920000000000044,2.4609999999999985,0.8503302626365586,1.0800031892957016,86.076,97.574,295.46,224
vpt1_v18,VPT1 v18,wide_resnet101_2.tv_in1k,wide_resnet,53.997,60.833,6.8359999999999985,2.030999999999999,1.5630000000000024,0.8421370962550502,0.7368052659963836,78.862,94.312,126.89,224
vpt1_v18,VPT1 v18,wide_resnet50_2.tv_in1k,wide_resnet,54.141,60.677,6.536000000000001,2.6950000000000003,3.0859999999999985,1.1755878907546167,1.300461712879955,78.486,94.084,68.88,224
vpt1_v18,VPT1 v18,xception65.ra3_in1k,xception65.ra3,55.638,55.221,-0.4170000000000016,0.42900000000000205,1.3670000000000044,0.20223253941935357,0.5581511145439635,83.186,96.596,39.92,299
vpt1_v18,VPT1 v18,xcit_large_24_p16_224.fb_dist_in1k,xcit,55.286,56.003,0.7169999999999987,2.227000000000004,0.2740000000000009,0.9225812821763867,0.11225665038453447,84.936,97.128,189.1,224
vpt1_v18,VPT1 v18,xcit_medium_24_p8_224.fb_in1k,xcit,52.422,57.461,5.0390000000000015,1.2890000000000015,4.570999999999998,0.5605217807245919,2.0308088700482534,83.744,96.394,84.32,224
vpt1_v18,VPT1 v18,xcit_nano_12_p16_224.fb_in1k,xcit,51.159,55.586,4.427,2.5789999999999935,2.225999999999999,1.0984828932061983,0.9987712450806734,69.982,89.78,3.05,224
vpt1_v18,VPT1 v18,xcit_nano_12_p8_224.fb_in1k,xcit,52.305,55.234,2.929000000000002,4.375,1.9919999999999973,1.905180714671329,0.8503302626365553,73.9,92.154,3.05,224
vpt1_v18,VPT1 v18,xcit_small_12_p16_224.fb_dist_in1k,xcit,54.726,55.534,0.8079999999999998,1.718999999999994,2.421999999999997,0.7357102388546404,1.0905797642640447,83.354,96.42,26.25,224
vpt1_v18,VPT1 v18,xcit_small_12_p8_224.fb_in1k,xcit,53.112,56.054,2.942,1.0549999999999997,3.1640000000000015,0.4581753667174468,1.3060774181579837,83.354,96.472,26.21,224
vpt1_v18,VPT1 v18,xcit_small_24_p16_384.fb_dist_in1k,xcit,55.834,56.12,0.28599999999999426,2.5,1.6400000000000006,1.0312310873686634,0.6944351821604535,85.102,97.318,47.67,384
vpt1_v18,VPT1 v18,xcit_small_24_p8_224.fb_in1k,xcit,54.74,56.458,1.7179999999999964,2.3049999999999997,0.3129999999999953,0.9833501693473978,0.1330321598545071,83.854,96.636,47.63,224
vpt1_v18,VPT1 v18,xcit_tiny_12_p16_224.fb_dist_in1k,xcit,53.594,53.685,0.09100000000000108,1.5230000000000032,1.6409999999999982,0.6223734141708402,0.739552567435202,78.572,94.21,6.72,224
vpt1_v18,VPT1 v18,xcit_tiny_12_p16_384.fb_dist_in1k,xcit,54.597,55.039,0.44200000000000017,0.703000000000003,2.655999999999999,0.3225981332177176,1.089903971305117,80.954,95.43,6.72,384
vpt1_v18,VPT1 v18,xcit_tiny_12_p8_224.fb_in1k,xcit,52.057,54.284,2.2269999999999968,2.6169999999999973,3.0459999999999994,1.07032175847577,1.257110266532821,79.71,95.058,6.71,224
vpt1_v18,VPT1 v18,xcit_tiny_24_p8_224.fb_in1k,xcit,53.034,56.289,3.2550000000000026,2.9299999999999997,2.6950000000000003,1.3374134239892552,1.1005746983583926,81.888,95.978,12.11,224
vpt1_v18_depth,VPT1 v18 Depth,beit3_base_patch16_224.in22k_ft_in1k,beit3,79.492,92.8,13.307999999999993,0.42900000000000205,0.9369999999999976,0.19369563753476807,0.43280660294819245,85.39,97.64,86.66,224
vpt1_v18_depth,VPT1 v18 Depth,beit3_large_patch16_224.in22k_ft_in1k,beit3,80.026,92.578,12.552000000000007,0.5069999999999908,0.7420000000000044,0.20718590685661623,0.3041516434646101,87.628,98.334,304.57,224
vpt1_v18_depth,VPT1 v18 Depth,beit3_large_patch16_224.indomain_in22k_ft_in1k,beit3,80.833,93.229,12.396,0.703000000000003,0.8979999999999961,0.2875718267764703,0.3986162175437533,87.534,98.364,304.57,224
vpt1_v18_depth,VPT1 v18 Depth,beit_base_patch16_224.in22k_ft_in22k_in1k,beit,80.26,91.758,11.49799999999999,1.25,0.35200000000000387,0.531213286313091,0.14637015482065532,85.238,97.654,86.53,224
vpt1_v18_depth,VPT1 v18 Depth,beit_base_patch16_384.in22k_ft_in22k_in1k,beit,81.107,92.774,11.667000000000002,0.4680000000000035,0.8979999999999961,0.21202358359390253,0.3917629668845947,86.814,98.136,86.74,384
vpt1_v18_depth,VPT1 v18 Depth,beit_large_patch16_224.in22k_ft_in22k_in1k,beit,81.042,92.096,11.054000000000002,0.2740000000000009,0.39100000000000534,0.11225665038453503,0.16375252330541157,87.486,98.318,304.43,224
vpt1_v18_depth,VPT1 v18 Depth,beit_large_patch16_384.in22k_ft_in22k_in1k,beit,80.794,93.008,12.213999999999999,0.39100000000000534,1.4059999999999917,0.16065352643361464,0.5766408472061814,88.38,98.604,305.0,384
vpt1_v18_depth,VPT1 v18 Depth,beit_large_patch16_512.in22k_ft_in22k_in1k,beit,81.472,93.255,11.783000000000001,0.5080000000000098,0.11699999999999022,0.23947349656184871,0.04864154602805675,88.576,98.656,305.67,512
vpt1_v18_depth,VPT1 v18 Depth,beitv2_base_patch16_224.in1k_ft_in1k,beitv2,77.8,92.161,14.361000000000004,0.5079999999999956,1.0149999999999864,0.2172131569577572,0.4160210998922424,85.596,97.514,86.53,224
vpt1_v18_depth,VPT1 v18 Depth,beitv2_base_patch16_224.in1k_ft_in22k_in1k,beitv2,81.133,91.732,10.599000000000004,0.4680000000000035,0.5079999999999956,0.19886176103011965,0.23083086641280837,86.494,98.056,86.53,224
vpt1_v18_depth,VPT1 v18 Depth,beitv2_large_patch16_224.in1k_ft_in1k,beitv2,78.724,92.721,13.997,0.625,0.8200000000000074,0.28587915084680526,0.3695414576050852,87.414,98.216,304.43,224
vpt1_v18_depth,VPT1 v18 Depth,beitv2_large_patch16_224.in1k_ft_in22k_in1k,beitv2,82.122,92.305,10.183000000000007,0.3130000000000024,0.7810000000000059,0.12906415286808212,0.33746143812623014,88.406,98.602,304.43,224
vpt1_v18_depth,VPT1 v18 Depth,caformer_m36.sail_in1k,caformer,75.508,92.877,17.369,0.5080000000000098,0.7809999999999917,0.20918466058060772,0.36816693073779183,85.242,97.226,56.2,224
vpt1_v18_depth,VPT1 v18 Depth,caformer_m36.sail_in22k_ft_in1k,caformer,80.443,92.513,12.070000000000007,0.7419999999999902,0.39000000000000057,0.3096302454362077,0.17537958832201653,86.606,98.038,56.2,224
vpt1_v18_depth,VPT1 v18 Depth,caformer_s18.sail_in1k,caformer,78.529,91.719,13.189999999999998,0.8990000000000009,1.5629999999999882,0.40665655725139294,0.6752314829416284,83.664,96.526,26.34,224
vpt1_v18_depth,VPT1 v18 Depth,caformer_s18.sail_in22k_ft_in1k,caformer,77.357,91.979,14.622,1.6410000000000053,0.5860000000000127,0.6701941675531242,0.2436532144029529,84.092,97.182,26.34,224
vpt1_v18_depth,VPT1 v18 Depth,caformer_s36.sail_in1k,caformer,76.576,92.188,15.612000000000009,0.2740000000000009,0.9370000000000118,0.12102433180517431,0.3825287207808401,84.528,97.01,39.3,224
vpt1_v18_depth,VPT1 v18 Depth,caformer_s36.sail_in22k_ft_in1k,caformer,80.234,92.747,12.513000000000005,0.7420000000000044,0.625,0.3140767775914401,0.2712886941167198,85.78,97.832,39.3,224
vpt1_v18_depth,VPT1 v18 Depth,cait_m36_384.fb_dist_in1k,cait,84.075,93.451,9.37599999999999,0.8200000000000074,1.0150000000000006,0.33489633553617393,0.4339664605575966,86.06,97.732,271.22,384
vpt1_v18_depth,VPT1 v18 Depth,cait_s24_224.fb_dist_in1k,cait,79.375,91.536,12.161000000000001,0.820999999999998,1.1709999999999923,0.36242608441814006,0.4794888482077062,83.484,96.586,46.92,224
vpt1_v18_depth,VPT1 v18 Depth,cait_s36_384.fb_dist_in1k,cait,80.56,92.734,12.173999999999992,1.093999999999994,0.1559999999999917,0.4470018642764978,0.06368673331235924,85.458,97.48,68.37,384
vpt1_v18_depth,VPT1 v18 Depth,cait_xxs24_224.fb_dist_in1k,cait,75.286,90.86,15.573999999999998,0.3130000000000024,1.5229999999999961,0.12906415286808212,0.7179490851647394,78.4,94.326,11.96,224
vpt1_v18_depth,VPT1 v18 Depth,cait_xxs36_224.fb_dist_in1k,cait,76.393,91.666,15.272999999999996,1.8359999999999985,0.5470000000000113,0.8233941947815767,0.23518267131931941,79.75,94.866,17.3,224
vpt1_v18_depth,VPT1 v18 Depth,coat_lite_medium.in1k,coat,79.323,92.24,12.917000000000002,0.9369999999999976,1.1330000000000098,0.43280660294819245,0.49458826872011313,83.602,96.714,44.57,224
vpt1_v18_depth,VPT1 v18 Depth,coat_lite_mini.in1k,coat,76.628,90.547,13.918999999999997,0.4299999999999926,0.8589999999999947,0.18704960720502486,0.387861086243802,79.104,94.606,11.01,224
vpt1_v18_depth,VPT1 v18 Depth,coat_lite_small.in1k,coat,79.401,91.601,12.200000000000003,0.5859999999999985,0.703000000000003,0.2394011046108363,0.3075519829593431,82.304,95.854,19.84,224
vpt1_v18_depth,VPT1 v18 Depth,coat_lite_tiny.in1k,coat,75.56,90.716,15.155999999999992,1.171999999999997,0.546999999999997,0.5196340592720571,0.235035221946742,77.548,93.924,5.72,224
vpt1_v18_depth,VPT1 v18 Depth,coat_mini.in1k,coat,75.26,91.641,16.381,1.2890000000000015,0.8980000000000103,0.5302089734770215,0.37587793526918406,81.32,95.388,10.34,224
vpt1_v18_depth,VPT1 v18 Depth,coat_small.in1k,coat,77.11,92.76,15.650000000000006,0.8199999999999932,1.3290000000000077,0.3448916093821659,0.5475547664135755,82.378,96.214,21.69,224
vpt1_v18_depth,VPT1 v18 Depth,coat_tiny.in1k,coat,72.89,91.055,18.165000000000006,0.4690000000000083,0.39100000000000534,0.22108872025099777,0.16880824097840325,78.442,94.044,5.5,224
vpt1_v18_depth,VPT1 v18 Depth,coatnet_0_rw_224.sw_in1k,coatnet,79.505,91.615,12.11,0.820999999999998,0.4299999999999926,0.3383085376792403,0.20270394394014013,82.396,95.844,27.44,224
vpt1_v18_depth,VPT1 v18 Depth,coatnet_1_rw_224.sw_in1k,coatnet,78.984,91.562,12.578000000000003,0.8979999999999961,0.7810000000000059,0.41443482264672266,0.323617400987994,83.62,96.382,41.72,224
vpt1_v18_depth,VPT1 v18 Depth,coatnet_bn_0_rw_224.sw_in1k,coatnet,79.166,91.458,12.292000000000002,0.6639999999999873,0.27299999999999613,0.2894043691599807,0.12055704044144208,82.394,96.194,27.44,224
vpt1_v18_depth,VPT1 v18 Depth,coatnet_nano_rw_224.sw_in1k,coatnet,78.112,91.471,13.359000000000009,0.820999999999998,0.8200000000000074,0.3412926408035573,0.3379362201494397,81.704,95.65,15.14,224
vpt1_v18_depth,VPT1 v18 Depth,coatnet_rmlp_1_rw2_224.sw_in12k_ft_in1k,coatnet,77.8,92.227,14.427000000000007,0.39100000000000534,0.5859999999999985,0.1843191676292959,0.24084480941515443,84.94,96.968,41.72,224
vpt1_v18_depth,VPT1 v18 Depth,coatnet_rmlp_1_rw_224.sw_in1k,coatnet,77.578,91.289,13.710999999999999,1.2890000000000015,0.6639999999999873,0.5326956604541356,0.304237115129335,83.35,96.452,41.69,224
vpt1_v18_depth,VPT1 v18 Depth,coatnet_rmlp_2_rw_224.sw_in1k,coatnet,75.547,90.833,15.286000000000001,0.625,0.546999999999997,0.25515529040610196,0.24158136425551255,84.608,96.744,73.88,224
vpt1_v18_depth,VPT1 v18 Depth,coatnet_rmlp_nano_rw_224.sw_in1k,coatnet,74.87,91.224,16.354,0.625,0.9380000000000024,0.25782466048761754,0.3899341824804121,82.064,95.874,15.15,224
vpt1_v18_depth,VPT1 v18 Depth,convformer_s18.sail_in1k_384,convformer,77.682,91.602,13.920000000000002,0.1559999999999917,0.546999999999997,0.07353910524339703,0.2233119392737918,84.392,97.11,26.77,384
vpt1_v18_depth,VPT1 v18 Depth,convit_base.fb_in1k,convit,81.016,91.484,10.46799999999999,0.625,1.25,0.2609985100000043,0.5561446654323744,82.296,95.936,86.54,224
vpt1_v18_depth,VPT1 v18 Depth,convit_small.fb_in1k,convit,78.242,91.185,12.942999999999998,0.7820000000000107,0.3509999999999991,0.35979840034231986,0.1504858797362721,81.412,95.74,27.78,224
vpt1_v18_depth,VPT1 v18 Depth,convit_tiny.fb_in1k,convit,74.388,90.182,15.793999999999997,1.25,0.9759999999999991,0.531082542234883,0.41113852761434183,73.14,91.704,5.71,224
vpt1_v18_depth,VPT1 v18 Depth,convmixer_1536_20.in1k,convmixer,81.081,87.227,6.146000000000001,0.23399999999999466,0.8979999999999961,0.09728309205611983,0.41443482264672266,81.382,95.618,51.63,224
vpt1_v18_depth,VPT1 v18 Depth,convnext_base.clip_laion2b_augreg_ft_in12k_in1k_384,convnext,81.601,87.305,5.704000000000008,0.39100000000000534,17.108999999999995,0.16896219169454124,8.010675252436586,87.144,98.228,88.59,384
vpt1_v18_depth,VPT1 v18 Depth,convnext_base.fb_in22k_ft_in1k,convnext,80.599,90.586,9.986999999999995,0.3119999999999976,0.3119999999999976,0.14707821048680075,0.13880201727640565,85.814,97.856,88.59,224
vpt1_v18_depth,VPT1 v18 Depth,convnext_base.fb_in22k_ft_in1k_384,convnext,82.266,91.003,8.736999999999995,0.19599999999999795,0.703000000000003,0.0847125859729379,0.28937442104573863,86.826,98.244,88.59,384
vpt1_v18_depth,VPT1 v18 Depth,convnext_large.fb_in22k_ft_in1k,convnext,81.927,91.38,9.452999999999989,0.1950000000000074,0.23399999999999466,0.08013738203859973,0.0972830920561211,86.612,98.036,197.77,224
vpt1_v18_depth,VPT1 v18 Depth,convnext_large.fb_in22k_ft_in1k_384,convnext,81.836,91.25,9.414000000000001,0.3120000000000118,1.4840000000000089,0.1388020172764123,0.6058404630483764,87.456,98.38,197.77,384
vpt1_v18_depth,VPT1 v18 Depth,convnext_large_mlp.clip_laion2b_augreg_ft_in1k,convnext,77.969,92.721,14.75200000000001,0.0,0.8200000000000074,0.0,0.3379362201494397,87.344,98.222,200.13,256
vpt1_v18_depth,VPT1 v18 Depth,convnext_large_mlp.clip_laion2b_soup_ft_in12k_in1k_384,convnext,78.112,92.851,14.739000000000004,0.5069999999999908,1.328000000000003,0.2120235835938979,0.5669787375985901,88.334,98.574,200.13,384
vpt1_v18_depth,VPT1 v18 Depth,convnext_nano.in12k_ft_in1k,convnext,76.719,90.547,13.828000000000003,1.328000000000003,0.9770000000000039,0.5669787375985901,0.39981078858213437,82.306,96.338,15.59,224
vpt1_v18_depth,VPT1 v18 Depth,convnext_small.fb_in1k,convnext,76.12,90.391,14.271,0.8589999999999947,1.328000000000003,0.35115460349474864,0.5421537297360113,83.144,96.432,50.22,224
vpt1_v18_depth,VPT1 v18 Depth,convnext_small.fb_in22k_ft_in1k,convnext,78.385,90.534,12.149000000000001,0.703000000000003,0.39000000000000057,0.2963290213409567,0.16027476407719407,84.582,97.414,50.22,224
vpt1_v18_depth,VPT1 v18 Depth,convnext_small.in12k_ft_in1k_384,convnext,76.523,92.709,16.186000000000007,0.3130000000000024,0.8199999999999932,0.1277819322996114,0.34976976554426104,86.186,97.92,50.22,384
vpt1_v18_depth,VPT1 v18 Depth,convnext_tiny.fb_in22k_ft_in1k,convnext,78.763,90.651,11.887999999999991,1.0160000000000053,0.7040000000000077,0.45369887223429084,0.3017493441031299,78.95,94.708,28.59,288
vpt1_v18_depth,VPT1 v18 Depth,convnext_xlarge.fb_in22k_ft_in1k_384,convnext,82.708,91.745,9.037000000000006,0.703000000000003,0.5470000000000113,0.3225981332177176,0.22404810991293303,87.764,98.552,350.2,384
vpt1_v18_depth,VPT1 v18 Depth,convnext_xxlarge.clip_laion2b_soup_ft_in1k,convnext,83.373,92.995,9.622,0.6640000000000015,0.19499999999999318,0.2894043691599873,0.09192388155424797,88.622,98.718,846.47,256
vpt1_v18_depth,VPT1 v18 Depth,convnextv2_atto.fcmae_ft_in1k,convnextv2,73.203,91.107,17.903999999999996,0.9380000000000024,1.4460000000000122,0.3829368964551045,0.6478242217007844,76.644,93.042,3.71,224
vpt1_v18_depth,VPT1 v18 Depth,convnextv2_base.fcmae_ft_in22k_in1k,convnextv2,80.456,92.344,11.887999999999991,1.25,1.093999999999994,0.531082542234883,0.4983501669397588,86.752,98.02,88.72,224
vpt1_v18_depth,VPT1 v18 Depth,convnextv2_base.fcmae_ft_in22k_in1k_384,convnextv2,80.612,92.539,11.927000000000007,0.5459999999999923,0.1950000000000074,0.2236604569431052,0.08424962907930537,87.638,98.416,88.72,384
vpt1_v18_depth,VPT1 v18 Depth,convnextv2_large.fcmae_ft_in1k,convnextv2,76.081,92.331,16.25,0.703000000000003,0.7029999999999887,0.3225981332177176,0.2875718267764643,85.762,97.574,197.96,224
vpt1_v18_depth,VPT1 v18 Depth,convnextv2_large.fcmae_ft_in22k_in1k,convnextv2,81.576,92.305,10.729000000000013,0.5859999999999985,0.2740000000000009,0.2598170296360272,0.11526587622632398,87.266,98.24,197.96,224
vpt1_v18_depth,VPT1 v18 Depth,convnextv2_large.fcmae_ft_in22k_in1k_384,convnextv2,83.75,92.643,8.893,0.11700000000000443,1.0160000000000053,0.055154328932552794,0.41518750784033515,88.18,98.52,197.96,384
vpt1_v18_depth,VPT1 v18 Depth,convnextv2_nano.fcmae_ft_in22k_in1k,convnextv2,79.154,91.289,12.135000000000005,0.7420000000000044,0.23400000000000887,0.3030526173602366,0.09553009996854757,82.038,96.174,15.62,224
vpt1_v18_depth,VPT1 v18 Depth,convnextv2_tiny.fcmae_ft_in22k_in1k,convnextv2,79.544,91.745,12.201000000000008,0.8990000000000009,0.5859999999999985,0.4237926641911379,0.24779740829063338,83.904,96.964,28.64,224
vpt1_v18_depth,VPT1 v18 Depth,crossvit_15_240.in1k,crossvit,78.763,91.576,12.812999999999988,1.1330000000000098,0.6640000000000015,0.516488786583668,0.28940436915998496,81.522,95.694,27.53,240
vpt1_v18_depth,VPT1 v18 Depth,crossvit_18_240.in1k,crossvit,79.961,92.07,12.108999999999995,0.546999999999997,0.546999999999997,0.23007873048637512,0.2300787304863735,82.39,96.064,43.27,240
vpt1_v18_depth,VPT1 v18 Depth,crossvit_9_240.in1k,crossvit,77.266,90.677,13.411000000000001,0.7420000000000044,0.546999999999997,0.3329237483602262,0.22635714160493192,73.994,91.976,8.55,240
vpt1_v18_depth,VPT1 v18 Depth,crossvit_tiny_240.in1k,crossvit,76.419,90.703,14.284000000000006,0.7420000000000044,0.5470000000000113,0.3497821544269476,0.23007873048637995,73.352,91.906,7.01,240
vpt1_v18_depth,VPT1 v18 Depth,davit_base.msft_in1k,davit,79.453,91.94,12.486999999999995,0.42900000000000205,0.11700000000000443,0.17729636206081764,0.04864154602806308,84.652,97.02,87.95,224
vpt1_v18_depth,VPT1 v18 Depth,davit_small.msft_in1k,davit,79.115,91.484,12.369,0.03900000000000148,0.23399999999999466,0.018384776310850934,0.1103086578650989,84.252,96.942,49.75,224
vpt1_v18_depth,VPT1 v18 Depth,davit_tiny.msft_in1k,davit,80.26,91.654,11.393999999999991,1.171999999999997,0.8200000000000074,0.5435269593640721,0.3379362201494397,82.694,96.264,28.36,224
vpt1_v18_depth,VPT1 v18 Depth,deit3_base_patch16_224.fb_in1k,deit3,80.911,91.094,10.182999999999993,0.11800000000000921,0.5860000000000127,0.04908722395446646,0.24079082669866084,83.8,96.584,86.59,224
vpt1_v18_depth,VPT1 v18 Depth,deit3_base_patch16_224.fb_in22k_ft_in1k,deit3,79.727,91.589,11.861999999999995,0.07800000000000296,0.7420000000000044,0.03184336665618252,0.3030669159699829,85.728,97.746,86.59,224
vpt1_v18_depth,VPT1 v18 Depth,deit3_huge_patch14_224.fb_in1k,deit3,82.917,91.875,8.957999999999998,0.4689999999999941,1.0160000000000053,0.21249366003613906,0.4465654114087512,85.204,97.364,632.13,224
vpt1_v18_depth,VPT1 v18 Depth,deit3_large_patch16_224.fb_in1k,deit3,81.107,91.888,10.781000000000006,1.0940000000000083,1.0159999999999911,0.44700186427650346,0.4164068523291419,84.772,97.048,304.37,224
vpt1_v18_depth,VPT1 v18 Depth,deit3_medium_patch16_224.fb_in1k,deit3,78.971,91.797,12.825999999999993,1.2110000000000127,0.7419999999999902,0.49855858900100364,0.3041943822989171,83.09,96.284,38.85,224
vpt1_v18_depth,VPT1 v18 Depth,deit3_medium_patch16_224.fb_in22k_ft_in1k,deit3,77.565,92.083,14.518,1.0940000000000083,1.0940000000000083,0.4647952954437793,0.4649260395183585,84.55,97.18,38.85,224
vpt1_v18_depth,VPT1 v18 Depth,deit3_small_patch16_224.fb_in1k,deit3,76.901,90.872,13.971000000000004,0.7820000000000107,0.6640000000000015,0.3213606489081536,0.27866387558410843,81.382,95.454,22.06,224
vpt1_v18_depth,VPT1 v18 Depth,deit3_small_patch16_224.fb_in22k_ft_in1k,deit3,76.745,91.302,14.557000000000002,0.8589999999999947,0.7820000000000107,0.36259282336465826,0.3276105411409558,83.082,96.774,22.06,224
vpt1_v18_depth,VPT1 v18 Depth,deit_base_distilled_patch16_224.fb_in1k,deit,82.656,91.615,8.958999999999989,0.39100000000000534,0.7420000000000044,0.16896219169454124,0.319425873856345,83.384,96.492,87.34,224
vpt1_v18_depth,VPT1 v18 Depth,deit_base_patch16_224.fb_in1k,deit,80.495,92.331,11.835999999999999,0.5079999999999956,0.8200000000000074,0.239473496561842,0.35553277704813285,81.98,95.74,86.57,224
vpt1_v18_depth,VPT1 v18 Depth,deit_base_patch16_384.fb_in1k,deit,82.578,93.008,10.429999999999993,0.27299999999999613,0.19499999999999318,0.11481289126225992,0.0842496290792988,83.108,96.376,86.86,384
vpt1_v18_depth,VPT1 v18 Depth,deit_small_distilled_patch16_224.fb_in1k,deit,77.956,91.224,13.268,0.9380000000000024,0.5459999999999923,0.3833779684158537,0.2259159135607731,81.204,95.378,22.44,224
vpt1_v18_depth,VPT1 v18 Depth,deit_small_patch16_224.fb_in1k,deit,76.576,91.654,15.078000000000003,0.19600000000001216,0.4299999999999926,0.09239528607504795,0.18152379703192492,79.856,95.056,22.05,224
vpt1_v18_depth,VPT1 v18 Depth,deit_tiny_distilled_patch16_224.fb_in1k,deit,76.237,90.586,14.349000000000004,0.9769999999999897,0.6640000000000015,0.3989644929898691,0.27249994903159647,74.538,91.898,5.91,224
vpt1_v18_depth,VPT1 v18 Depth,deit_tiny_patch16_224.fb_in1k,deit,73.945,90.495,16.55000000000001,1.054000000000002,0.6640000000000015,0.43821937682195555,0.28923961615856686,72.19,91.1,5.72,224
vpt1_v18_depth,VPT1 v18 Depth,densenet121.ra_in1k,densenet121.ra,78.138,87.747,9.608999999999995,0.3119999999999976,1.5630000000000024,0.14707821048680075,0.6383501303273071,75.574,92.648,7.98,224
vpt1_v18_depth,VPT1 v18 Depth,densenet121.tv_in1k,densenet121.tv,78.333,88.06,9.727000000000004,0.703000000000003,0.546999999999997,0.30143250580446007,0.22628055349253584,74.75,92.158,7.98,224
vpt1_v18_depth,VPT1 v18 Depth,densenet161.tv_in1k,densenet161.tv,79.635,89.622,9.986999999999995,0.7420000000000044,1.1319999999999908,0.319425873856345,0.4773966438461333,77.384,93.656,28.68,224
vpt1_v18_depth,VPT1 v18 Depth,densenet169.tv_in1k,densenet169.tv,79.297,88.542,9.245000000000005,0.7040000000000077,0.19499999999999318,0.3078484475625432,0.09192388155424797,75.922,92.976,14.15,224
vpt1_v18_depth,VPT1 v18 Depth,densenet201.tv_in1k,densenet201.tv,80.521,88.906,8.385000000000005,0.27299999999999613,1.2109999999999985,0.11183022847155288,0.49515721409130836,77.284,93.48,20.01,224
vpt1_v18_depth,VPT1 v18 Depth,densenetblur121d.ra_in1k,densenetblur121d.ra,79.31,86.706,7.396000000000001,0.8210000000000122,0.625,0.34129264080356364,0.2654760922485391,76.574,93.188,8.0,224
vpt1_v18_depth,VPT1 v18 Depth,dla102.in1k,dla102.in1k,78.437,86.836,8.399000000000001,0.5859999999999985,0.9770000000000039,0.25321181295947204,0.3998107885821339,78.016,93.952,33.27,224
vpt1_v18_depth,VPT1 v18 Depth,dla169.in1k,dla169.in1k,78.203,88.255,10.051999999999992,0.8990000000000009,1.1329999999999956,0.36804981546886717,0.4648232639043194,78.702,94.334,53.39,224
vpt1_v18_depth,VPT1 v18 Depth,dla34.in1k,dla34.in1k,75.377,84.635,9.25800000000001,0.7809999999999917,2.1099999999999994,0.3439227949538783,0.91651162325175,74.632,92.052,15.74,224
vpt1_v18_depth,VPT1 v18 Depth,dla46_c.in1k,dla46,73.828,78.919,5.090999999999994,1.875,0.7420000000000044,0.7654655809084793,0.3257261972202365,64.88,86.33,1.3,224
vpt1_v18_depth,VPT1 v18 Depth,dla46x_c.in1k,dla46x,74.922,79.076,4.153999999999996,1.0940000000000083,4.9609999999999985,0.4500162960012332,2.08331471991685,66.008,86.946,1.07,224
vpt1_v18_depth,VPT1 v18 Depth,dla60.in1k,dla60.in1k,77.826,86.445,8.619,0.703000000000003,1.0150000000000006,0.31462817561192674,0.4695532155381562,77.036,93.316,22.04,224
vpt1_v18_depth,VPT1 v18 Depth,dla60x_c.in1k,dla60x,76.224,80.612,4.387999999999991,1.0160000000000053,3.944999999999993,0.45369887223429084,1.6356377621248788,67.928,88.426,1.32,224
vpt1_v18_depth,VPT1 v18 Depth,dpn107.mx_in1k,dpn107.mx,76.693,91.12,14.427000000000007,0.3130000000000024,0.11699999999999022,0.12913128547679328,0.04864154602805675,80.166,94.932,86.92,224
vpt1_v18_depth,VPT1 v18 Depth,dpn131.mx_in1k,dpn131.mx,77.318,90.625,13.307000000000002,0.03899999999998727,0.5079999999999956,0.018384776310844234,0.2233701462197269,79.836,94.708,79.25,224
vpt1_v18_depth,VPT1 v18 Depth,dpn68.mx_in1k,dpn68.mx,74.492,89.687,15.194999999999993,0.4300000000000068,0.8979999999999961,0.1777363840698441,0.3917629668845947,76.304,92.994,12.61,224
vpt1_v18_depth,VPT1 v18 Depth,dpn68b.mx_in1k,dpn68b.mx,76.211,90.091,13.879999999999995,0.3119999999999976,0.27299999999999613,0.13880201727640565,0.12055704044144464,77.494,93.834,12.61,224
vpt1_v18_depth,VPT1 v18 Depth,dpn92.mx_in1k,dpn92.mx,75.911,90.586,14.674999999999997,0.5859999999999985,0.5859999999999985,0.2394192046506614,0.24079082669865545,80.032,94.876,37.67,224
vpt1_v18_depth,VPT1 v18 Depth,dpn98.mx_in1k,dpn98.mx,75.521,91.198,15.676999999999992,0.23399999999999466,0.5080000000000098,0.1023621023621532,0.21721315695776175,79.664,94.644,61.57,224
vpt1_v18_depth,VPT1 v18 Depth,eca_nfnet_l0.ra2_in1k,eca,81.419,89.505,8.085999999999999,1.1720000000000113,0.8599999999999994,0.4788200775517574,0.3587125125593843,81.762,95.994,24.14,224
vpt1_v18_depth,VPT1 v18 Depth,eca_nfnet_l1.ra2_in1k,eca,83.906,91.159,7.253,0.9770000000000039,0.07800000000000296,0.3998107885821339,0.03676955262170187,83.264,96.684,41.41,256
vpt1_v18_depth,VPT1 v18 Depth,ecaresnet50t.a2_in1k,ecaresnet50t.a2,80.273,85.768,5.4950000000000045,0.35199999999998965,0.5080000000000098,0.16593439131843826,0.21247326629223381,80.884,95.022,25.57,224
vpt1_v18_depth,VPT1 v18 Depth,edgenext_xx_small.in1k,edgenext,73.086,89.636,16.549999999999997,0.5459999999999923,1.2109999999999985,0.22962578252452145,0.5186407448535277,71.132,90.042,1.33,256
vpt1_v18_depth,VPT1 v18 Depth,efficientformer_l1.snap_dist_in1k,efficientformer,77.018,88.034,11.016000000000005,0.625,0.4679999999999893,0.2711289156266592,0.2047242047243016,80.502,94.992,12.29,224
vpt1_v18_depth,VPT1 v18 Depth,efficientformer_l3.snap_dist_in1k,efficientformer,78.945,89.089,10.144000000000005,0.5079999999999956,1.25,0.2092467974001543,0.5892556509887896,82.562,96.25,31.41,224
vpt1_v18_depth,VPT1 v18 Depth,efficientformer_l7.snap_dist_in1k,efficientformer,80.495,88.789,8.293999999999997,0.7820000000000107,0.703000000000003,0.34438963721666355,0.2922947523001795,83.396,96.532,82.23,224
vpt1_v18_depth,VPT1 v18 Depth,efficientformerv2_l.snap_dist_in1k,efficientformerv2,74.284,89.284,15.0,1.171999999999997,0.7420000000000044,0.4798777622131136,0.3497821544269476,83.642,96.546,26.32,224
vpt1_v18_depth,VPT1 v18 Depth,efficientformerv2_s0.snap_dist_in1k,efficientformerv2,72.747,85.182,12.435000000000002,1.0160000000000053,0.7420000000000044,0.45389009927759355,0.30642272906703516,76.102,92.85,3.6,224
vpt1_v18_depth,VPT1 v18 Depth,efficientformerv2_s1.snap_dist_in1k,efficientformerv2,70.625,87.305,16.680000000000007,2.305000000000007,1.0929999999999893,0.9510608112348393,0.47598762822390517,79.684,94.712,6.19,224
vpt1_v18_depth,VPT1 v18 Depth,efficientformerv2_s2.snap_dist_in1k,efficientformerv2,74.232,87.891,13.659000000000006,0.8990000000000009,0.5079999999999956,0.4066565572513958,0.22337014621972442,82.156,95.912,12.71,224
vpt1_v18_depth,VPT1 v18 Depth,efficientnet_b0.ra_in1k,efficientnet,76.992,75.729,-1.2630000000000052,0.27299999999999613,1.0159999999999911,0.11481289126225992,0.44024260988181607,77.698,93.538,5.29,224
vpt1_v18_depth,VPT1 v18 Depth,efficientnet_b1.ft_in1k,efficientnet,78.216,73.646,-4.569999999999993,0.6639999999999873,1.0150000000000006,0.2786638755841036,0.4339664605575986,77.592,93.636,7.79,224
vpt1_v18_depth,VPT1 v18 Depth,efficientnet_b1.ra4_e3600_r240_in1k,efficientnet,77.487,82.669,5.182000000000002,0.3119999999999976,2.5,0.13257450735341092,1.0311637438674162,80.404,95.152,7.79,240
vpt1_v18_depth,VPT1 v18 Depth,efficientnet_b2.ra_in1k,efficientnet,77.76,74.518,-3.2420000000000044,1.9140000000000015,1.4059999999999917,0.8932177785960156,0.578688747658586,79.324,94.582,9.11,256
vpt1_v18_depth,VPT1 v18 Depth,efficientnet_b3.ra2_in1k,efficientnet,78.867,77.552,-1.3149999999999977,1.25,1.5619999999999976,0.5103103630798288,0.6379487962733886,81.472,95.696,12.23,288
vpt1_v18_depth,VPT1 v18 Depth,efficientnet_b4.ra2_in1k,efficientnet,81.224,78.555,-2.668999999999997,0.1560000000000059,0.3130000000000024,0.07353910524340374,0.1392703206796856,82.658,96.134,19.34,320
vpt1_v18_depth,VPT1 v18 Depth,efficientnet_es.ra_in1k,efficientnet,79.362,75.247,-4.114999999999995,1.093999999999994,1.9920000000000044,0.45263745610219325,0.8157909590629767,78.1,93.928,5.44,224
vpt1_v18_depth,VPT1 v18 Depth,efficientnet_es_pruned.in1k,efficientnet,78.437,79.779,1.3419999999999987,0.5859999999999985,1.3290000000000077,0.27624304918354387,0.5475547664135755,75.01,92.438,5.44,224
vpt1_v18_depth,VPT1 v18 Depth,efficientnet_lite0.ra_in1k,efficientnet,77.813,72.734,-5.079000000000008,0.5079999999999956,0.8979999999999961,0.2092467974001552,0.36762511097886236,75.488,92.508,4.65,224
vpt1_v18_depth,VPT1 v18 Depth,efficientvit_b2.r256_in1k,efficientvit,79.74,90.052,10.312000000000012,0.546999999999997,0.6639999999999873,0.22408678874241653,0.29634364436503996,82.712,96.092,24.33,256
vpt1_v18_depth,VPT1 v18 Depth,efficientvit_b2.r288_in1k,efficientvit,80.443,90.703,10.260000000000005,0.4689999999999941,1.171999999999997,0.2051898849575377,0.491017990166007,83.078,96.286,24.33,288
vpt1_v18_depth,VPT1 v18 Depth,efficientvit_b3.r256_in1k,efficientvit,78.581,90.443,11.861999999999995,0.5859999999999985,1.2109999999999985,0.2596335023750873,0.5087372166016115,83.782,96.498,48.65,256
vpt1_v18_depth,VPT1 v18 Depth,efficientvit_m1.r224_in1k,efficientvit,70.677,84.01,13.332999999999998,1.0550000000000068,1.9139999999999873,0.4800043981280012,0.8451214245433681,68.34,88.692,2.98,224
vpt1_v18_depth,VPT1 v18 Depth,eva02_base_patch14_448.mim_in22k_ft_in1k,eva02,75.716,94.349,18.63300000000001,1.25,0.27300000000001035,0.5262876273167233,0.11183022847155838,88.262,98.57,87.12,448
vpt1_v18_depth,VPT1 v18 Depth,eva02_base_patch14_448.mim_in22k_ft_in22k_in1k,eva02,80.365,94.349,13.984000000000009,0.2740000000000009,1.1330000000000098,0.11221804172631467,0.48823013699142853,88.678,98.726,87.12,448
vpt1_v18_depth,VPT1 v18 Depth,eva02_large_patch14_448.mim_in22k_ft_in1k,eva02,78.503,94.505,16.001999999999995,0.35200000000000387,0.8200000000000074,0.1440123451498381,0.37769505630277705,89.634,98.954,305.08,448
vpt1_v18_depth,VPT1 v18 Depth,eva02_large_patch14_448.mim_in22k_ft_in22k_in1k,eva02,82.227,94.922,12.694999999999993,0.7420000000000044,0.3509999999999991,0.3041516434646101,0.1459246380841829,89.956,99.014,305.08,448
vpt1_v18_depth,VPT1 v18 Depth,eva02_large_patch14_448.mim_m38m_ft_in1k,eva02,78.789,95.182,16.393,0.1950000000000074,0.23399999999999466,0.08424962907930537,0.1023621023621508,89.55,98.924,305.08,448
vpt1_v18_depth,VPT1 v18 Depth,eva02_large_patch14_448.mim_m38m_ft_in22k_in1k,eva02,81.836,94.687,12.850999999999999,0.1950000000000074,0.7810000000000059,0.08424962907930537,0.33746143812623014,90.056,99.054,305.08,448
vpt1_v18_depth,VPT1 v18 Depth,eva02_small_patch14_336.mim_in22k_ft_in1k,eva02,74.922,93.542,18.620000000000005,1.4070000000000107,1.0940000000000083,0.6372766711213894,0.4649260395183585,85.77,97.616,22.13,336
vpt1_v18_depth,VPT1 v18 Depth,eva_large_patch14_196.in22k_ft_in1k,eva,78.516,93.255,14.73899999999999,0.9759999999999991,0.703000000000003,0.40699658748228107,0.29621201116017476,87.952,98.49,304.14,196
vpt1_v18_depth,VPT1 v18 Depth,eva_large_patch14_196.in22k_ft_in22k_in1k,eva,81.367,92.786,11.418999999999997,0.7430000000000092,1.1330000000000098,0.3331976390472606,0.47356965931341766,88.59,98.662,304.14,196
vpt1_v18_depth,VPT1 v18 Depth,eva_large_patch14_336.in22k_ft_in1k,eva,79.935,93.568,13.632999999999996,0.23400000000000887,0.9759999999999991,0.10236210236215743,0.4011195443865688,88.68,98.714,304.53,336
vpt1_v18_depth,VPT1 v18 Depth,eva_large_patch14_336.in22k_ft_in22k_in1k,eva,81.771,94.675,12.903999999999996,1.0550000000000068,0.39100000000000534,0.430800030950172,0.1843191676292959,89.238,98.848,304.53,336
vpt1_v18_depth,VPT1 v18 Depth,fasternet_t2.in1k,fasternet,77.526,88.88,11.354,0.8599999999999994,0.3119999999999976,0.35157455349707323,0.12869343417595125,78.738,94.332,14.98,224
vpt1_v18_depth,VPT1 v18 Depth,fastvit_sa36.apple_dist_in1k,fastvit,78.19,89.844,11.653999999999996,1.328000000000003,0.4690000000000083,0.5498915044503483,0.19146859330507318,84.028,96.85,31.53,256
vpt1_v18_depth,VPT1 v18 Depth,fastvit_t8.apple_dist_in1k,fastvit,74.531,89.557,15.025999999999996,0.5470000000000113,0.625,0.2299656979251993,0.2656066431565455,77.17,93.274,4.03,256
vpt1_v18_depth,VPT1 v18 Depth,focalnet_base_lrf.ms_in1k,focalnet,76.667,91.484,14.816999999999993,0.3130000000000024,0.07800000000000296,0.1330321598545094,0.03184336665618252,83.828,96.61,88.75,224
vpt1_v18_depth,VPT1 v18 Depth,focalnet_base_srf.ms_in1k,focalnet,79.023,91.784,12.76100000000001,0.9380000000000024,0.8589999999999947,0.4421774405019888,0.36259282336465826,83.808,96.66,88.15,224
vpt1_v18_depth,VPT1 v18 Depth,focalnet_small_lrf.ms_in1k,focalnet,77.162,91.966,14.803999999999988,0.625,0.7029999999999887,0.25583371335476673,0.3014325058044556,83.508,96.586,50.34,224
vpt1_v18_depth,VPT1 v18 Depth,focalnet_small_srf.ms_in1k,focalnet,74.245,91.875,17.629999999999995,0.5079999999999956,0.703000000000003,0.2306242735610326,0.3075519829593431,83.428,96.432,49.89,224
vpt1_v18_depth,VPT1 v18 Depth,focalnet_tiny_lrf.ms_in1k,focalnet,77.774,91.914,14.14,0.4689999999999941,0.9770000000000039,0.19931939750616762,0.40734833578482665,82.174,95.948,28.65,224
vpt1_v18_depth,VPT1 v18 Depth,focalnet_tiny_srf.ms_in1k,focalnet,76.745,91.68,14.935000000000002,0.8990000000000009,0.1559999999999917,0.3698819631540132,0.06368673331235924,82.146,95.972,28.43,224
vpt1_v18_depth,VPT1 v18 Depth,ghostnet_100.in1k,ghostnet,79.492,86.81,7.317999999999998,0.19499999999999318,0.11700000000000443,0.08424962907930099,0.04864154602806308,73.958,91.542,5.18,224
vpt1_v18_depth,VPT1 v18 Depth,ghostnetv2_100.in1k,ghostnetv2,75.938,84.557,8.619,0.8590000000000089,1.25,0.3506853607184434,0.5106414267043622,75.186,92.334,6.16,224
vpt1_v18_depth,VPT1 v18 Depth,ghostnetv2_130.in1k,ghostnetv2,77.487,85.69,8.203000000000003,0.5069999999999908,1.1329999999999956,0.20718590685661623,0.4777328402639539,76.746,93.364,8.96,224
vpt1_v18_depth,VPT1 v18 Depth,hardcorenas_b.miil_green_in1k,hardcorenas,76.966,76.55,-0.4159999999999968,0.03900000000000148,2.109000000000009,0.018384776310850934,0.8617905133435244,76.55,92.766,5.18,224
vpt1_v18_depth,VPT1 v18 Depth,hardcorenas_f.miil_green_in1k,hardcorenas,78.503,75.599,-2.9039999999999964,0.35199999999998965,1.7190000000000083,0.15754858157264995,0.7477339098904144,78.1,93.8,8.2,224
vpt1_v18_depth,VPT1 v18 Depth,hgnet_small.ssld_in1k,hgnet,80.026,89.557,9.531000000000006,1.1720000000000113,0.5080000000000098,0.5348389165596222,0.2170734642670317,83.818,96.846,24.36,224
vpt1_v18_depth,VPT1 v18 Depth,hgnetv2_b0.ssld_stage1_in22k_in1k,hgnetv2,77.552,86.94,9.387999999999991,0.5069999999999908,0.6650000000000063,0.20718590685661623,0.27900657100983906,76.868,93.62,6.0,224
vpt1_v18_depth,VPT1 v18 Depth,hrnet_w18.ms_aug_in1k,hrnet,79.792,89.635,9.843000000000004,0.1559999999999917,1.0150000000000006,0.06628725367670221,0.4534213149917948,78.11,94.062,21.3,224
vpt1_v18_depth,VPT1 v18 Depth,hrnet_w18.ms_in1k,hrnet,80.586,88.971,8.385000000000005,0.7040000000000077,0.2740000000000009,0.3078484475625432,0.12102433180517431,76.77,93.448,21.3,224
vpt1_v18_depth,VPT1 v18 Depth,hrnet_w18_small.ms_in1k,hrnet,80.677,88.307,7.6299999999999955,1.0159999999999911,0.546999999999997,0.4342863878440852,0.22408678874241597,72.34,90.688,13.19,224
vpt1_v18_depth,VPT1 v18 Depth,hrnet_w18_small_v2.ms_in1k,hrnet,80.781,88.372,7.590999999999994,0.19499999999999318,0.3130000000000024,0.0842496290792988,0.13303215985451128,75.094,92.414,15.6,224
vpt1_v18_depth,VPT1 v18 Depth,hrnet_w30.ms_in1k,hrnet,78.763,89.206,10.442999999999998,0.1560000000000059,0.5080000000000098,0.07353910524340374,0.20760432451073166,78.202,94.22,37.71,224
vpt1_v18_depth,VPT1 v18 Depth,hrnet_w32.ms_in1k,hrnet,79.075,89.518,10.442999999999998,0.8979999999999961,0.5080000000000098,0.37225200544195114,0.21247326629223381,78.452,94.184,41.23,224
vpt1_v18_depth,VPT1 v18 Depth,hrnet_w40.ms_in1k,hrnet,77.904,89.883,11.979,0.19599999999999795,1.0159999999999911,0.09239528607504124,0.42919770114326466,78.928,94.48,57.56,224
vpt1_v18_depth,VPT1 v18 Depth,hrnet_w44.ms_in1k,hrnet,78.19,89.831,11.641000000000005,0.625,0.6640000000000015,0.25775742256798134,0.28923961615856686,78.89,94.376,67.06,224
vpt1_v18_depth,VPT1 v18 Depth,hrnet_w48.ms_in1k,hrnet,78.177,90.443,12.265999999999991,0.5860000000000127,0.2740000000000009,0.2675248690412886,0.12102433180517431,79.328,94.516,77.47,224
vpt1_v18_depth,VPT1 v18 Depth,inception_v3.tf_in1k,inception,78.281,87.174,8.893,0.3130000000000024,1.2109999999999985,0.1392703206796856,0.49448311958605323,77.866,93.644,23.83,299
vpt1_v18_depth,VPT1 v18 Depth,inception_v3.tv_in1k,inception,79.076,87.24,8.164000000000001,0.3130000000000024,0.9369999999999976,0.14754961500759403,0.382981577740873,77.472,93.468,23.83,299
vpt1_v18_depth,VPT1 v18 Depth,lcnet_100.ra2_in1k,lcnet,74.01,73.958,-0.05200000000000671,0.4299999999999926,1.25,0.1757751088433394,0.5116333322474859,72.13,90.376,2.95,224
vpt1_v18_depth,VPT1 v18 Depth,legacy_seresnet18.in1k,legacy,75.482,88.203,12.721000000000004,0.8979999999999961,0.9770000000000039,0.3986162175437533,0.39981078858213437,71.742,90.34,11.78,224
vpt1_v18_depth,VPT1 v18 Depth,legacy_seresnet34.in1k,legacy,76.276,88.607,12.331000000000003,0.1950000000000074,0.4300000000000068,0.08013738203859973,0.1815237970319314,74.788,92.134,21.96,224
vpt1_v18_depth,VPT1 v18 Depth,levit_128.fb_dist_in1k,levit,76.289,84.857,8.567999999999998,0.5859999999999985,1.1720000000000113,0.24084480941515443,0.48408539191621036,78.486,93.998,9.21,224
vpt1_v18_depth,VPT1 v18 Depth,levit_128s.fb_dist_in1k,levit,74.088,82.174,8.086000000000013,0.1570000000000107,2.850999999999999,0.06674495403316655,1.2482025298626624,76.52,92.87,7.78,224
vpt1_v18_depth,VPT1 v18 Depth,levit_192.fb_dist_in1k,levit,76.445,84.336,7.891000000000005,0.546999999999997,0.11700000000000443,0.2491750834698794,0.055154328932552794,79.858,94.808,10.95,224
vpt1_v18_depth,VPT1 v18 Depth,levit_256.fb_dist_in1k,levit,77.773,83.815,6.042000000000002,0.23499999999999943,2.578000000000003,0.09593863779636534,1.1561226386311958,81.506,95.466,18.89,224
vpt1_v18_depth,VPT1 v18 Depth,levit_384.fb_dist_in1k,levit,78.464,88.203,9.739000000000004,0.7810000000000059,0.625,0.3318938920130298,0.26109810842329473,82.6,96.02,39.13,224
vpt1_v18_depth,VPT1 v18 Depth,maxvit_base_tf_224.in1k,maxvit,79.037,92.76,13.722999999999999,0.39100000000000534,0.5079999999999956,0.17584905143016744,0.21247326629222887,84.884,97.002,119.47,224
vpt1_v18_depth,VPT1 v18 Depth,maxvit_base_tf_384.in21k_ft_in1k,maxvit,77.982,92.761,14.778999999999996,1.0160000000000053,1.1329999999999956,0.42124893669500035,0.4883812263204033,87.93,98.546,119.65,384
vpt1_v18_depth,VPT1 v18 Depth,maxvit_large_tf_224.in1k,maxvit,77.2,93.255,16.054999999999993,0.546999999999997,0.3119999999999976,0.22635714160493192,0.14707821048680075,84.938,96.98,211.79,224
vpt1_v18_depth,VPT1 v18 Depth,maxvit_large_tf_384.in1k,maxvit,78.399,94.258,15.858999999999995,0.2740000000000009,0.23399999999999466,0.11526587622632398,0.09553009996854177,86.242,97.684,212.03,384
vpt1_v18_depth,VPT1 v18 Depth,maxvit_large_tf_384.in21k_ft_in1k,maxvit,78.893,92.526,13.632999999999996,0.5859999999999985,1.0160000000000053,0.24365321440294657,0.44008484030544287,87.994,98.576,212.03,384
vpt1_v18_depth,VPT1 v18 Depth,maxvit_large_tf_512.in21k_ft_in1k,maxvit,76.979,93.112,16.132999999999996,0.546999999999997,0.39000000000000057,0.22628055349253584,0.17537958832201653,88.236,98.608,212.33,512
vpt1_v18_depth,VPT1 v18 Depth,maxvit_rmlp_base_rw_224.sw_in12k_ft_in1k,maxvit,78.008,90.365,12.357,0.3119999999999976,1.6799999999999926,0.1273734666247243,0.6933052878943141,86.908,98.004,116.14,224
vpt1_v18_depth,VPT1 v18 Depth,maxvit_rmlp_small_rw_224.sw_in1k,maxvit,81.706,89.961,8.254999999999995,0.11699999999999022,0.42899999999998784,0.04864154602805675,0.19369563753476426,84.488,96.772,64.9,224
vpt1_v18_depth,VPT1 v18 Depth,maxvit_rmlp_tiny_rw_256.sw_in1k,maxvit,75.456,90.494,15.037999999999997,0.27299999999999613,0.546999999999997,0.12055704044144208,0.2578582728726929,84.226,96.782,29.15,256
vpt1_v18_depth,VPT1 v18 Depth,maxvit_small_tf_224.in1k,maxvit,80.091,92.526,12.435000000000002,0.5470000000000113,0.6640000000000015,0.2263571416049371,0.2894043691599873,84.452,96.824,68.93,224
vpt1_v18_depth,VPT1 v18 Depth,maxvit_tiny_rw_224.sw_in1k,maxvit,77.773,90.169,12.396,0.11800000000000921,1.524000000000001,0.05562573345334608,0.6633376884279147,83.522,96.488,29.06,224
vpt1_v18_depth,VPT1 v18 Depth,maxvit_tiny_tf_224.in1k,maxvit,78.438,92.552,14.114000000000004,0.8199999999999932,0.5849999999999937,0.3865517070486428,0.243207730140304,83.426,96.584,30.92,224
vpt1_v18_depth,VPT1 v18 Depth,maxvit_tiny_tf_512.in1k,maxvit,70.82,94.036,23.216000000000008,1.5619999999999976,0.5079999999999956,0.6472348019759817,0.20760432451072602,85.658,97.592,31.05,512
vpt1_v18_depth,VPT1 v18 Depth,maxxvitv2_rmlp_base_rw_384.sw_in12k_ft_in1k,maxxvitv2,80.039,93.047,13.007999999999996,0.7430000000000092,0.3119999999999976,0.31440843924212575,0.1273734666247243,87.48,98.376,116.09,384
vpt1_v18_depth,VPT1 v18 Depth,mixer_b16_224.goog_in21k_ft_in1k,mixer,78.594,90.703,12.109000000000009,1.1330000000000098,0.3119999999999976,0.463366665467716,0.1388020172764083,76.616,92.25,59.88,224
vpt1_v18_depth,VPT1 v18 Depth,mixnet_l.ft_in1k,mixnet,79.662,78.438,-1.2240000000000038,0.9369999999999976,1.4460000000000122,0.38957783418578656,0.5909818572135371,78.97,94.18,7.33,224
vpt1_v18_depth,VPT1 v18 Depth,mixnet_m.ft_in1k,mixnet,81.12,77.786,-3.334000000000003,0.5080000000000098,1.25,0.21237126819689373,0.5106414267043624,77.268,93.418,5.01,224
vpt1_v18_depth,VPT1 v18 Depth,mixnet_s.ft_in1k,mixnet,80.026,77.474,-2.5519999999999925,1.0159999999999911,0.7809999999999917,0.41518750784032954,0.3439227949538783,76.0,92.796,4.13,224
vpt1_v18_depth,VPT1 v18 Depth,mixnet_xl.ra_in1k,mixnet,77.708,77.734,0.02599999999999625,0.5859999999999985,2.0320000000000107,0.26752486904128187,0.8933055965843363,80.494,94.938,11.9,224
vpt1_v18_depth,VPT1 v18 Depth,mnasnet_100.rmsp_in1k,mnasnet,79.675,77.279,-2.396000000000001,0.546999999999997,2.109000000000009,0.2415813642555151,0.8641505784423384,74.672,92.108,4.38,224
vpt1_v18_depth,VPT1 v18 Depth,mnasnet_small.lamb_in1k,mnasnet,76.042,79.856,3.813999999999993,0.4689999999999941,0.625,0.19501168056184306,0.2946278254943948,66.204,86.47,2.03,224
vpt1_v18_depth,VPT1 v18 Depth,mobilenetv2_050.lamb_in1k,mobilenetv2,76.12,70.0,-6.1200000000000045,0.5470000000000113,5.272999999999996,0.2263571416049371,2.1571046953420363,65.928,86.114,1.97,224
vpt1_v18_depth,VPT1 v18 Depth,mobilenetv2_100.ra_in1k,mobilenetv2,75.599,70.794,-4.805000000000007,0.546999999999997,1.6020000000000039,0.22408678874241653,0.7134934399760717,72.91,91.0,3.5,224
vpt1_v18_depth,VPT1 v18 Depth,mobilenetv2_110d.ra_in1k,mobilenetv2,76.354,73.932,-2.421999999999997,1.6410000000000053,2.1480000000000103,0.6822288635217846,0.90209989592186,75.056,92.186,4.52,224
vpt1_v18_depth,VPT1 v18 Depth,mobilenetv2_120d.ra_in1k,mobilenetv2,77.669,74.492,-3.1769999999999925,0.35200000000000387,1.328000000000003,0.1575485815726566,0.5532618427712753,77.3,93.516,5.83,224
vpt1_v18_depth,VPT1 v18 Depth,mobilenetv2_140.ra_in1k,mobilenetv2,77.787,73.542,-4.2450000000000045,1.054000000000002,0.546999999999997,0.44206887346757395,0.22635714160493084,76.528,93.008,6.11,224
vpt1_v18_depth,VPT1 v18 Depth,mobilenetv3_large_100.miil_in21k_ft_in1k,mobilenetv3,77.695,76.81,-0.8849999999999909,0.11699999999999022,1.0160000000000053,0.0551543289325461,0.41518750784033515,77.92,92.894,5.48,224
vpt1_v18_depth,VPT1 v18 Depth,mobilenetv3_large_100.ra_in1k,mobilenetv3,78.685,77.461,-1.2240000000000038,0.9769999999999897,0.3119999999999976,0.41637563169170067,0.1273734666247243,75.784,92.528,5.48,224
vpt1_v18_depth,VPT1 v18 Depth,mobilenetv3_rw.rmsp_in1k,mobilenetv3,79.974,79.753,-0.22100000000000364,0.5859999999999985,2.5390000000000015,0.24365321440294782,1.178941427251112,75.616,92.696,5.48,224
vpt1_v18_depth,VPT1 v18 Depth,mobilenetv3_small_100.lamb_in1k,mobilenetv3,77.096,81.679,4.582999999999998,0.703000000000003,0.5470000000000113,0.31462817561192674,0.2491750834698861,67.636,87.638,2.54,224
vpt1_v18_depth,VPT1 v18 Depth,mobilenetv4_conv_medium.e250_r384_in12k_ft_in1k,mobilenetv4,77.07,85.925,8.855000000000004,0.5859999999999985,0.625,0.2532118129594698,0.2946278254943948,82.776,96.448,9.72,384
vpt1_v18_depth,VPT1 v18 Depth,mobilenetv4_conv_small_050.e3000_r224_in1k,mobilenetv4,72.877,78.203,5.326000000000008,0.2740000000000009,2.2649999999999864,0.12102433180517431,0.9823532969354719,64.778,85.5,2.24,224
vpt1_v18_depth,VPT1 v18 Depth,mobileone_s2.apple_in1k,mobileone,80.924,87.305,6.381,0.9370000000000118,0.11699999999999022,0.3829815777408786,0.0551543289325461,77.504,93.664,7.88,224
vpt1_v18_depth,VPT1 v18 Depth,mobileone_s4.apple_in1k,mobileone,78.177,87.852,9.674999999999997,0.4690000000000083,0.4689999999999941,0.1950116805618494,0.19931939750616762,79.446,94.49,14.95,224
vpt1_v18_depth,VPT1 v18 Depth,mobilevit_xs.cvnets_in1k,mobilevit,78.034,90.534,12.5,0.42899999999998784,0.6640000000000015,0.20223253941934685,0.27124077045229744,74.618,92.35,2.32,256
vpt1_v18_depth,VPT1 v18 Depth,mobilevit_xxs.cvnets_in1k,mobilevit,78.047,90.13,12.082999999999998,0.9369999999999976,0.5859999999999985,0.4168743482420366,0.24356427397209696,68.936,88.942,1.27,256
vpt1_v18_depth,VPT1 v18 Depth,mobilevitv2_050.cvnets_in1k,mobilevitv2,74.375,86.484,12.108999999999995,0.8210000000000122,0.23499999999999943,0.33630442558293827,0.11078006238589218,70.156,89.93,1.37,256
vpt1_v18_depth,VPT1 v18 Depth,mobilevitv2_200.cvnets_in1k,mobilevitv2,77.135,89.609,12.47399999999999,0.5079999999999956,0.39099999999999113,0.23083086641280837,0.16896219169453466,81.148,95.38,18.45,256
vpt1_v18_depth,VPT1 v18 Depth,mvitv2_base.fb_in1k,mvitv2,78.815,91.693,12.878,1.0940000000000083,0.9380000000000024,0.4647952954437793,0.3846981500692033,84.424,96.864,51.47,224
vpt1_v18_depth,VPT1 v18 Depth,mvitv2_large.fb_in1k,mvitv2,80.404,92.474,12.070000000000007,0.703000000000003,0.7809999999999917,0.2963290213409567,0.35122863715185926,85.264,97.188,217.99,224
vpt1_v18_depth,VPT1 v18 Depth,mvitv2_small.fb_in1k,mvitv2,77.93,91.732,13.801999999999992,1.2109999999999985,0.4300000000000068,0.5013410903655195,0.1815237970319314,83.772,96.558,34.87,224
vpt1_v18_depth,VPT1 v18 Depth,mvitv2_tiny.fb_in1k,mvitv2,79.818,91.68,11.862000000000009,1.0549999999999926,0.546999999999997,0.46494468010243295,0.2233119392737918,82.408,96.15,24.17,224
vpt1_v18_depth,VPT1 v18 Depth,pit_b_224.in1k,pit,79.818,92.552,12.734000000000009,1.1330000000000098,0.1950000000000074,0.4648232639043255,0.08013738203859973,82.458,95.704,73.76,224
vpt1_v18_depth,VPT1 v18 Depth,pit_b_distilled_224.in1k,pit,82.031,91.628,9.596999999999994,0.19499999999999318,0.39099999999999113,0.0842496290792988,0.16385833990235157,83.774,96.468,74.79,224
vpt1_v18_depth,VPT1 v18 Depth,pit_s_224.in1k,pit,79.245,91.589,12.343999999999994,0.1559999999999917,0.5859999999999985,0.07353910524339703,0.2394192046506614,81.114,95.336,23.46,224
vpt1_v18_depth,VPT1 v18 Depth,pit_s_distilled_224.in1k,pit,79.401,91.016,11.615000000000009,0.546999999999997,1.1720000000000113,0.22408678874241653,0.49112410741979867,81.826,95.72,24.04,224
vpt1_v18_depth,VPT1 v18 Depth,pit_ti_224.in1k,pit,76.12,89.7,13.579999999999998,1.0150000000000006,1.0940000000000083,0.46119145217095897,0.4649260395183566,72.926,91.412,4.85,224
vpt1_v18_depth,VPT1 v18 Depth,pit_ti_distilled_224.in1k,pit,76.549,89.101,12.551999999999992,0.5079999999999956,0.5859999999999985,0.23083086641280837,0.24084480941515443,74.276,91.92,5.1,224
vpt1_v18_depth,VPT1 v18 Depth,pit_xs_224.in1k,pit,77.422,90.703,13.281000000000006,0.27299999999999613,1.25,0.11481289126226153,0.5802817323411866,78.196,94.156,10.62,224
vpt1_v18_depth,VPT1 v18 Depth,pit_xs_distilled_224.in1k,pit,80.0,90.664,10.664000000000001,0.820999999999998,0.7819999999999965,0.34523132341470125,0.32397942321490975,79.172,94.35,11.0,224
vpt1_v18_depth,VPT1 v18 Depth,poolformer_m36.sail_in1k,poolformer,74.544,90.169,15.625,0.8599999999999994,0.9759999999999991,0.37409921441005867,0.4351431437533594,82.104,95.698,56.17,224
vpt1_v18_depth,VPT1 v18 Depth,poolformer_m48.sail_in1k,poolformer,76.302,90.482,14.179999999999993,0.5459999999999923,0.625,0.2236604569431052,0.28587915084680227,82.462,95.968,73.47,224
vpt1_v18_depth,VPT1 v18 Depth,poolformer_s12.sail_in1k,poolformer,77.044,89.271,12.227000000000004,0.4690000000000083,1.600999999999999,0.20502086614673298,0.6567653056204066,77.238,93.538,11.92,224
vpt1_v18_depth,VPT1 v18 Depth,poolformer_s24.sail_in1k,poolformer,76.146,89.401,13.254999999999995,0.9770000000000039,0.23400000000000887,0.40401567626351803,0.09728309205612616,80.294,95.06,21.39,224
vpt1_v18_depth,VPT1 v18 Depth,poolformer_s36.sail_in1k,poolformer,75.742,90.182,14.439999999999998,0.4690000000000083,0.7419999999999902,0.19931939750617225,0.3096302454362077,81.428,95.442,30.86,224
vpt1_v18_depth,VPT1 v18 Depth,poolformerv2_m36.sail_in1k,poolformerv2,80.599,91.094,10.49499999999999,0.6260000000000048,0.6640000000000015,0.25819501673476924,0.30423711512933865,82.214,95.896,56.08,224
vpt1_v18_depth,VPT1 v18 Depth,poolformerv2_s12.sail_in1k,poolformerv2,75.221,90.078,14.857,0.19599999999999795,0.39000000000000057,0.09239528607504124,0.16849925815860417,78.008,93.864,11.89,224
vpt1_v18_depth,VPT1 v18 Depth,poolformerv2_s24.sail_in1k,poolformerv2,77.318,90.234,12.915999999999997,0.625,0.0,0.2656066431565455,0.0,80.746,95.318,21.34,224
vpt1_v18_depth,VPT1 v18 Depth,poolformerv2_s36.sail_in1k,poolformerv2,77.669,90.208,12.539000000000001,0.7809999999999917,0.4689999999999941,0.3209821732675404,0.19501168056184306,81.576,95.68,30.79,224
vpt1_v18_depth,VPT1 v18 Depth,pvt_v2_b0.in1k,pvt,76.25,91.081,14.831000000000003,0.3509999999999991,1.5619999999999976,0.1654629867976517,0.7273157651407125,70.654,90.206,3.67,224
vpt1_v18_depth,VPT1 v18 Depth,pvt_v2_b1.in1k,pvt,79.088,91.719,12.631,0.5079999999999956,0.8199999999999932,0.2308308664128113,0.3359169870998195,78.698,94.49,14.01,224
vpt1_v18_depth,VPT1 v18 Depth,pvt_v2_b2.in1k,pvt,77.109,91.953,14.844000000000008,0.4689999999999941,0.27299999999999613,0.22108872025099108,0.11481289126226153,82.062,95.966,25.36,224
vpt1_v18_depth,VPT1 v18 Depth,pvt_v2_b2_li.in1k,pvt,77.122,91.784,14.662000000000006,0.2740000000000009,0.42900000000000205,0.1291648386967431,0.18106904760339565,82.2,96.108,22.55,224
vpt1_v18_depth,VPT1 v18 Depth,pvt_v2_b3.in1k,pvt,78.203,92.018,13.814999999999998,0.8210000000000122,0.703000000000003,0.3452313234147061,0.3012887135106272,83.12,96.56,45.24,224
vpt1_v18_depth,VPT1 v18 Depth,pvt_v2_b4.in1k,pvt,77.709,91.537,13.828000000000003,0.6639999999999873,0.9369999999999976,0.2894043691599807,0.38957783418578656,83.71,96.672,62.56,224
vpt1_v18_depth,VPT1 v18 Depth,pvt_v2_b5.in1k,pvt,76.875,91.263,14.388000000000005,0.7819999999999965,0.6640000000000015,0.3377701388025086,0.2963436443650466,83.76,96.634,81.96,224
vpt1_v18_depth,VPT1 v18 Depth,regnetx_002.pycls_in1k,regnetx,74.61,86.016,11.406000000000006,0.7809999999999917,0.703000000000003,0.33746143812622575,0.28699864498325234,68.758,88.568,2.68,224
vpt1_v18_depth,VPT1 v18 Depth,regnetx_004.pycls_in1k,regnetx,75.13,85.807,10.677000000000007,2.0700000000000074,0.4690000000000083,0.8758258325083204,0.19492277673194058,72.482,90.84,5.16,224
vpt1_v18_depth,VPT1 v18 Depth,regnetx_004_tv.tv2_in1k,regnetx,71.705,86.38,14.674999999999997,2.421999999999997,0.5859999999999985,1.0371391206369345,0.2596335023750873,74.596,92.14,5.5,224
vpt1_v18_depth,VPT1 v18 Depth,regnetx_008.pycls_in1k,regnetx,78.203,87.135,8.932000000000002,0.39000000000000057,0.3129999999999882,0.16849925815860636,0.14754961500758734,75.054,92.338,7.26,224
vpt1_v18_depth,VPT1 v18 Depth,regnetx_008.tv2_in1k,regnetx,76.107,87.487,11.379999999999995,0.27299999999999613,0.8199999999999932,0.12055704044144208,0.3776950563027704,77.294,93.664,7.26,224
vpt1_v18_depth,VPT1 v18 Depth,regnetx_016.pycls_in1k,regnetx,77.435,87.904,10.468999999999994,0.4680000000000035,0.9759999999999991,0.19194269978303538,0.4011195443865688,76.936,93.432,9.19,224
vpt1_v18_depth,VPT1 v18 Depth,regnetx_016.tv2_in1k,regnetx,77.461,88.711,11.25,0.39000000000000057,0.625,0.16849925815860417,0.25515529040610196,79.44,94.768,9.19,224
vpt1_v18_depth,VPT1 v18 Depth,regnetx_032.pycls_in1k,regnetx,78.893,88.789,9.896,0.5069999999999908,0.625,0.23900209204104872,0.26109810842329473,78.16,94.088,15.3,224
vpt1_v18_depth,VPT1 v18 Depth,regnety_002.pycls_in1k,regnety,76.367,84.935,8.567999999999998,1.2109999999999985,0.8599999999999994,0.4951572140913087,0.405407887880287,70.288,89.544,3.16,224
vpt1_v18_depth,VPT1 v18 Depth,regnety_004.pycls_in1k,regnety,76.927,86.601,9.673999999999992,1.0160000000000053,0.35200000000000387,0.45389009927759355,0.14637015482065532,74.004,91.756,4.34,224
vpt1_v18_depth,VPT1 v18 Depth,regnety_004.tv2_in1k,regnety,75.052,86.172,11.11999999999999,2.1099999999999994,1.3290000000000077,0.8940717097762474,0.6087311028324066,75.594,92.706,4.34,224
vpt1_v18_depth,VPT1 v18 Depth,regnety_006.pycls_in1k,regnety,78.073,86.862,8.789000000000001,0.820999999999998,0.7809999999999917,0.3412926408035573,0.35122863715185926,75.274,92.532,6.06,224
vpt1_v18_depth,VPT1 v18 Depth,regnety_008.pycls_in1k,regnety,79.18,87.474,8.293999999999997,0.07799999999998875,0.9379999999999882,0.03184336665617672,0.38469815006919783,76.334,93.06,6.26,224
vpt1_v18_depth,VPT1 v18 Depth,regnety_008_tv.tv2_in1k,regnety,77.513,88.19,10.676999999999992,0.8210000000000122,0.8990000000000009,0.3352978775159038,0.3671303129226283,78.672,94.38,6.43,224
vpt1_v18_depth,VPT1 v18 Depth,regnety_016.pycls_in1k,regnety,79.74,88.164,8.424000000000007,0.4689999999999941,0.546999999999997,0.2051898849575377,0.23007873048637512,77.88,93.726,11.2,224
vpt1_v18_depth,VPT1 v18 Depth,regnety_016.tv2_in1k,regnety,75.352,87.761,12.408999999999992,0.07900000000000773,0.8589999999999947,0.03225247621846153,0.38037028742470547,80.668,95.336,11.2,224
vpt1_v18_depth,VPT1 v18 Depth,regnety_032.pycls_in1k,regnety,81.029,88.854,7.825000000000003,0.35200000000000387,0.9380000000000024,0.15094664252274476,0.38469815006920394,78.902,94.426,19.44,224
vpt1_v18_depth,VPT1 v18 Depth,regnety_040.ra3_in1k,regnety,78.763,87.487,8.72399999999999,0.820999999999998,1.2109999999999985,0.35009236876382527,0.49855858900099836,82.308,96.078,20.65,224
vpt1_v18_depth,VPT1 v18 Depth,regnety_080.ra3_in1k,regnety,81.419,87.187,5.768000000000001,0.3119999999999976,0.6640000000000015,0.14707821048680075,0.283489368799296,83.166,96.48,39.18,224
vpt1_v18_depth,VPT1 v18 Depth,regnety_120.sw_in12k_ft_in1k,regnety,81.797,90.729,8.932000000000002,0.1950000000000074,0.5859999999999985,0.08424962907930537,0.2598170296360272,84.994,97.412,51.82,224
vpt1_v18_depth,VPT1 v18 Depth,regnety_160.lion_in12k_ft_in1k,regnety,81.992,91.276,9.283999999999992,0.3119999999999976,0.6640000000000015,0.1273734666247243,0.2712247940157559,85.602,97.668,83.59,224
vpt1_v18_depth,VPT1 v18 Depth,regnety_320.swag_ft_in1k,regnety,84.727,91.94,7.212999999999994,0.4689999999999941,0.4690000000000083,0.19146859330506738,0.2051898849575443,86.83,98.362,145.05,384
vpt1_v18_depth,VPT1 v18 Depth,regnety_320.tv2_in1k,regnety,81.497,89.622,8.125,0.23499999999999943,0.546999999999997,0.09763992808044962,0.24158136425551255,83.17,96.416,145.05,224
vpt1_v18_depth,VPT1 v18 Depth,regnetz_d32.ra3_in1k,regnetz,82.695,87.149,4.454000000000008,0.4300000000000068,1.6800000000000068,0.1776632269835911,0.7125696847014745,83.432,96.634,27.58,256
vpt1_v18_depth,VPT1 v18 Depth,repghostnet_050.in1k,repghostnet,76.719,86.211,9.492000000000004,0.9380000000000024,0.703000000000003,0.38688844214665713,0.33139737811609665,66.978,86.936,2.31,224
vpt1_v18_depth,VPT1 v18 Depth,repghostnet_058.in1k,repghostnet,78.542,85.755,7.212999999999994,0.7810000000000059,1.0150000000000006,0.3512286371518659,0.43977898489531847,68.938,88.386,2.55,224
vpt1_v18_depth,VPT1 v18 Depth,repvgg_a0.rvgg_in1k,repvgg,79.714,86.679,6.965000000000003,1.054000000000002,0.6639999999999873,0.4466425366616521,0.2834893687992895,72.426,90.506,9.11,224
vpt1_v18_depth,VPT1 v18 Depth,repvgg_a1.rvgg_in1k,repvgg,80.117,87.969,7.85199999999999,1.2109999999999985,0.5859999999999985,0.4951572140913087,0.24084480941515365,74.474,91.852,14.09,224
vpt1_v18_depth,VPT1 v18 Depth,repvgg_a2.rvgg_in1k,repvgg,79.388,88.932,9.543999999999997,0.820999999999998,0.23399999999999466,0.3412926408035573,0.09728309205611983,76.488,93.016,28.21,224
vpt1_v18_depth,VPT1 v18 Depth,repvgg_b0.rvgg_in1k,repvgg,80.469,88.581,8.112000000000009,0.5080000000000098,0.546999999999997,0.20918466058060683,0.24158136425551255,75.158,92.41,15.82,224
vpt1_v18_depth,VPT1 v18 Depth,repvgg_b1.rvgg_in1k,repvgg,80.365,88.932,8.567000000000007,0.35200000000000387,1.0160000000000053,0.14398225199269968,0.4402426098818226,78.37,94.106,57.42,224
vpt1_v18_depth,VPT1 v18 Depth,repvgg_b1g4.rvgg_in1k,repvgg,83.372,89.076,5.7039999999999935,0.23499999999999943,0.3129999999999882,0.09763992808044962,0.129131285476788,77.608,93.846,39.97,224
vpt1_v18_depth,VPT1 v18 Depth,repvgg_b2.rvgg_in1k,repvgg,80.885,89.388,8.503,1.0550000000000068,0.42899999999998784,0.43555201245724734,0.18106904760338918,78.788,94.414,89.02,224
vpt1_v18_depth,VPT1 v18 Depth,repvgg_b2g4.rvgg_in1k,repvgg,79.675,89.466,9.790999999999997,0.5079999999999956,1.328000000000003,0.20760432451072602,0.5424653598771704,79.396,94.68,61.76,224
vpt1_v18_depth,VPT1 v18 Depth,repvgg_b3g4.rvgg_in1k,repvgg,81.589,89.323,7.733999999999995,0.625,0.6650000000000063,0.2578246604876185,0.28970444709508253,80.224,95.1,83.83,224
vpt1_v18_depth,VPT1 v18 Depth,repvgg_d2se.rvgg_in1k,repvgg,81.888,91.172,9.283999999999992,0.3119999999999976,0.3509999999999991,0.13257450735341092,0.1459246380841829,83.55,96.666,133.33,320
vpt1_v18_depth,VPT1 v18 Depth,repvit_m1_0.dist_450e_in1k,repvit,75.664,73.984,-1.6800000000000068,0.8210000000000122,4.063000000000002,0.3452313234147077,1.879626263087665,80.43,94.922,7.3,224
vpt1_v18_depth,VPT1 v18 Depth,repvit_m1_1.dist_450e_in1k,repvit,78.815,85.469,6.653999999999996,1.1329999999999956,2.1089999999999947,0.494421547534758,0.8680631057449407,81.314,95.568,8.8,224
vpt1_v18_depth,VPT1 v18 Depth,repvit_m2_3.dist_450e_in1k,repvit,77.474,75.521,-1.953000000000003,0.1560000000000059,0.5080000000000098,0.06628725367670872,0.23083086641281506,83.746,96.65,23.69,224
vpt1_v18_depth,VPT1 v18 Depth,res2net50_14w_8s.in1k,res2net50,74.844,89.779,14.935000000000002,1.0929999999999893,1.171999999999997,0.47598762822390517,0.4788200775517517,78.142,93.852,25.06,224
vpt1_v18_depth,VPT1 v18 Depth,res2net50_26w_4s.in1k,res2net50,73.763,89.479,15.715999999999994,0.8199999999999932,0.39100000000000534,0.36954145760507856,0.16070746370000843,77.994,93.86,25.7,224
vpt1_v18_depth,VPT1 v18 Depth,res2net50_26w_6s.in1k,res2net50,74.049,89.193,15.143999999999991,0.03900000000000148,0.7809999999999917,0.018384776310850934,0.3209281678022147,78.586,94.12,37.05,224
vpt1_v18_depth,VPT1 v18 Depth,res2net50_26w_8s.in1k,res2net50,76.328,89.544,13.215999999999994,0.8589999999999947,0.23399999999999466,0.35503270584865937,0.09728309205611983,78.95,94.28,48.4,224
vpt1_v18_depth,VPT1 v18 Depth,res2net50_48w_2s.in1k,res2net50,76.719,89.518,12.799000000000007,0.19499999999999318,0.4300000000000068,0.0842496290792988,0.1815237970319314,77.528,93.562,25.29,224
vpt1_v18_depth,VPT1 v18 Depth,res2net50d.in1k,res2net50d.in1k,74.727,88.125,13.397999999999996,0.7420000000000044,1.1329999999999956,0.3140767775914401,0.4633666654677104,80.28,95.028,25.72,224
vpt1_v18_depth,VPT1 v18 Depth,resmlp_12_224.fb_distilled_in1k,resmlp,78.386,90.846,12.460000000000008,0.8589999999999947,0.11699999999999022,0.38037028742470547,0.04864154602805675,77.948,93.57,15.35,224
vpt1_v18_depth,VPT1 v18 Depth,resmlp_12_224.fb_in1k,resmlp,76.758,90.625,13.867000000000004,0.7820000000000107,0.8599999999999994,0.337770138802513,0.38812970340681896,76.66,93.17,15.35,224
vpt1_v18_depth,VPT1 v18 Depth,resmlp_24_224.fb_in1k,resmlp,77.201,91.445,14.244,0.35199999999998965,0.4690000000000083,0.1439822519926941,0.1914685933050732,79.38,94.55,30.02,224
vpt1_v18_depth,VPT1 v18 Depth,resmlp_36_224.fb_in1k,resmlp,78.268,91.133,12.864999999999995,1.6409999999999911,1.3279999999999887,0.7113706644374759,0.5532618427712703,79.772,94.888,44.69,224
vpt1_v18_depth,VPT1 v18 Depth,resnest101e.in1k,resnest,80.234,90.716,10.482,0.7810000000000059,0.8589999999999947,0.32361740098799285,0.36259282336465826,82.916,96.31,48.28,256
vpt1_v18_depth,VPT1 v18 Depth,resnest50d.in1k,resnest,82.37,89.531,7.161000000000001,0.5080000000000098,0.625,0.21721315695776175,0.26109810842329334,80.958,95.372,27.48,224
vpt1_v18_depth,VPT1 v18 Depth,resnest50d_1s4x24d.in1k,resnest,81.771,89.831,8.060000000000002,0.23399999999999466,0.4690000000000083,0.1023621023621532,0.1923266896599552,81.024,95.338,25.68,224
vpt1_v18_depth,VPT1 v18 Depth,resnest50d_4s2x40d.in1k,resnest,80.261,89.062,8.801000000000002,0.9759999999999991,0.5079999999999956,0.4036502886850885,0.2092467974001552,81.146,95.566,30.42,224
vpt1_v18_depth,VPT1 v18 Depth,resnet101.a1_in1k,resnet,78.893,86.797,7.903999999999996,0.4690000000000083,0.8210000000000122,0.2051898849575443,0.3452313234147061,81.494,95.164,44.55,224
vpt1_v18_depth,VPT1 v18 Depth,resnet101.a2_in1k,resnet,78.542,86.575,8.033000000000001,1.1330000000000098,0.8589999999999947,0.4648232639043255,0.38037028742470547,81.344,95.198,44.55,224
vpt1_v18_depth,VPT1 v18 Depth,resnet101.a3_in1k,resnet,80.299,86.081,5.7819999999999965,0.11800000000000921,0.19499999999999318,0.04899886620003811,0.08013738203859358,77.928,93.686,44.55,160
vpt1_v18_depth,VPT1 v18 Depth,resnet10t.c3_in1k,resnet,76.016,86.862,10.84599999999999,0.19499999999999318,0.5079999999999956,0.0842496290792988,0.2308308664128113,66.724,86.976,5.44,176
vpt1_v18_depth,VPT1 v18 Depth,resnet14t.c3_in1k,resnet,81.172,88.594,7.421999999999997,0.5080000000000098,0.9759999999999991,0.22337014621973106,0.40699658748228107,71.318,89.68,10.08,176
vpt1_v18_depth,VPT1 v18 Depth,resnet152.a1_in1k,resnet,78.398,86.68,8.28200000000001,0.625,0.7810000000000059,0.25515529040610196,0.32361740098799285,81.998,95.294,60.19,224
vpt1_v18_depth,VPT1 v18 Depth,resnet152.a3_in1k,resnet,80.573,85.912,5.339000000000013,0.7029999999999887,0.703000000000003,0.3225981332177139,0.29632902134095834,78.896,94.14,60.19,160
vpt1_v18_depth,VPT1 v18 Depth,resnet18.a1_in1k,resnet,73.607,87.265,13.658000000000001,1.1329999999999956,0.8199999999999932,0.4945882687201089,0.3865517070486428,71.504,90.086,11.69,224
vpt1_v18_depth,VPT1 v18 Depth,resnet18.a3_in1k,resnet,74.909,84.831,9.921999999999997,1.0160000000000053,2.1880000000000024,0.4248442851994934,0.9405829161866709,65.67,86.268,11.69,160
vpt1_v18_depth,VPT1 v18 Depth,resnet18.fb_ssl_yfcc100m_ft_in1k,resnet,77.982,89.115,11.132999999999996,0.703000000000003,0.23499999999999943,0.3012887135106272,0.09772864927383902,72.636,91.416,11.69,224
vpt1_v18_depth,VPT1 v18 Depth,resnet18.fb_swsl_ig1b_ft_in1k,resnet,77.865,88.438,10.573000000000008,1.054000000000002,0.35199999999998965,0.4578721315923133,0.14637015482065027,73.286,91.754,11.69,224
vpt1_v18_depth,VPT1 v18 Depth,resnet18.gluon_in1k,resnet,76.237,87.057,10.820000000000007,0.9380000000000024,1.0160000000000053,0.42478308189788616,0.41640685232914737,70.844,89.75,11.69,224
vpt1_v18_depth,VPT1 v18 Depth,resnet18.tv_in1k,resnet,74.766,88.307,13.540999999999997,0.8979999999999961,0.9380000000000024,0.36766047138932595,0.43327768873501465,69.752,89.082,11.69,224
vpt1_v18_depth,VPT1 v18 Depth,resnet200d.ra2_in1k,resnet,82.044,88.463,6.418999999999997,0.11699999999999022,1.1330000000000098,0.04864154602805675,0.5166987086838515,83.25,96.552,64.69,256
vpt1_v18_depth,VPT1 v18 Depth,resnet34.a1_in1k,resnet,73.854,86.25,12.396,0.11700000000000443,0.8599999999999994,0.04864154602806308,0.36801449246825413,76.42,92.896,21.8,224
vpt1_v18_depth,VPT1 v18 Depth,resnet34.a3_in1k,resnet,74.661,84.31,9.649000000000001,0.703000000000003,1.7569999999999908,0.28937442104573863,0.7201726644816933,70.58,89.54,21.8,160
vpt1_v18_depth,VPT1 v18 Depth,resnet34.gluon_in1k,resnet,74.688,87.305,12.617000000000004,0.5079999999999956,0.39100000000000534,0.2092467974001552,0.16880824097840325,74.574,91.988,21.8,224
vpt1_v18_depth,VPT1 v18 Depth,resnet34d.ra2_in1k,resnet,72.2,82.448,10.24799999999999,0.4689999999999941,0.8210000000000122,0.19501168056184434,0.3500923687638298,77.108,93.372,21.82,224
vpt1_v18_depth,VPT1 v18 Depth,resnet50.a1_in1k,resnet,78.008,87.214,9.206000000000003,0.3119999999999976,0.23500000000001364,0.13880201727640565,0.10282779563696194,80.382,94.598,25.56,224
vpt1_v18_depth,VPT1 v18 Depth,resnet50.a1h_in1k,resnet,78.685,84.128,5.442999999999998,1.171999999999997,1.524000000000001,0.5348389165596156,0.6844230335756464,79.264,94.498,25.56,176
vpt1_v18_depth,VPT1 v18 Depth,resnet50.a3_in1k,resnet,79.661,86.081,6.420000000000002,1.4059999999999917,1.2900000000000063,0.6028650116089157,0.5549206149431574,75.994,92.494,25.56,160
vpt1_v18_depth,VPT1 v18 Depth,resnet50.am_in1k,resnet,79.753,89.544,9.790999999999997,0.3130000000000024,0.39100000000000534,0.13303215985451128,0.1756518020276365,79.004,94.392,25.56,224
vpt1_v18_depth,VPT1 v18 Depth,resnet50.ram_in1k,resnet,77.357,89.375,12.018,0.4690000000000083,0.27300000000001035,0.19237174659728526,0.11481289126226636,79.034,94.386,25.56,224
vpt1_v18_depth,VPT1 v18 Depth,resnet50.tv_in1k,resnet,79.648,89.479,9.831000000000003,0.39099999999999113,0.03900000000000148,0.15962525559015112,0.018384776310850934,76.156,92.866,25.56,224
vpt1_v18_depth,VPT1 v18 Depth,resnet50d.a3_in1k,resnet,79.87,84.753,4.882999999999996,0.5859999999999985,1.4849999999999994,0.24779740829063338,0.6073770566039591,77.222,93.256,25.58,160
vpt1_v18_depth,VPT1 v18 Depth,resnet50d.ra2_in1k,resnet,79.739,87.136,7.396999999999991,0.5859999999999985,1.25,0.26752486904128486,0.5264030986062129,80.546,95.16,25.58,224
vpt1_v18_depth,VPT1 v18 Depth,resnetrs50.tf_in1k,resnetrs,81.107,87.93,6.8230000000000075,0.1559999999999917,0.5079999999999956,0.06628725367670221,0.22337014621972442,77.858,93.81,35.69,160
vpt1_v18_depth,VPT1 v18 Depth,resnext101_32x8d.tv2_in1k,resnext,76.875,88.138,11.263000000000005,0.703000000000003,0.07800000000000296,0.3075519829593431,0.03676955262170187,81.99,95.716,88.79,176
vpt1_v18_depth,VPT1 v18 Depth,resnext50_32x4d.a1_in1k,resnext,77.787,87.513,9.725999999999999,0.5859999999999985,1.0549999999999926,0.2598170296360298,0.4354821083198073,80.526,94.458,25.03,224
vpt1_v18_depth,VPT1 v18 Depth,resnext50_32x4d.tv_in1k,resnext,78.203,89.479,11.275999999999996,0.3119999999999976,0.39000000000000057,0.13880201727640565,0.18384776310850262,77.632,93.674,25.03,224
vpt1_v18_depth,VPT1 v18 Depth,rexnet_100.nav_in1k,rexnet,77.695,74.909,-2.785999999999987,0.8199999999999932,1.6789999999999878,0.344778511833641,0.7030367463132063,77.862,93.89,4.8,224
vpt1_v18_depth,VPT1 v18 Depth,rexnet_130.nav_in1k,rexnet,80.365,77.201,-3.1640000000000015,0.4299999999999926,2.852000000000004,0.20270394394014013,1.1687270378017665,79.492,94.68,7.56,224
vpt1_v18_depth,VPT1 v18 Depth,rexnet_150.nav_in1k,rexnet,80.781,78.529,-2.2520000000000095,0.8199999999999932,1.875,0.3359169870998195,0.8660842915097807,80.322,95.164,9.73,224
vpt1_v18_depth,VPT1 v18 Depth,rexnet_200.nav_in1k,rexnet,81.068,79.935,-1.1329999999999956,0.8589999999999947,0.27300000000001035,0.3624732940354188,0.12869343417595652,81.636,95.672,16.37,224
vpt1_v18_depth,VPT1 v18 Depth,rexnet_300.nav_in1k,rexnet,81.992,84.232,2.239999999999995,0.4300000000000068,1.0550000000000068,0.17766322698359213,0.4424123265311096,82.78,96.23,34.71,224
vpt1_v18_depth,VPT1 v18 Depth,selecsls60.in1k,selecsls60.in1k,75.977,87.604,11.626999999999995,1.1319999999999908,1.0549999999999926,0.4695255288290705,0.4354821083198063,77.974,93.822,30.67,224
vpt1_v18_depth,VPT1 v18 Depth,semnasnet_075.rmsp_in1k,semnasnet,77.565,75.586,-1.9789999999999992,0.8589999999999947,3.828000000000003,0.3960642484356378,1.5637474220602265,73.0,91.124,2.91,224
vpt1_v18_depth,VPT1 v18 Depth,seresnet50.a3_in1k,seresnet50.a3,79.727,85.208,5.4809999999999945,0.6640000000000015,0.5859999999999985,0.30423711512933865,0.24356427397209823,75.104,92.096,28.09,160
vpt1_v18_depth,VPT1 v18 Depth,seresnextaa101d_32x8d.sw_in12k_ft_in1k,seresnextaa101d,80.299,90.299,10.0,0.5079999999999956,0.9369999999999976,0.21247326629222887,0.4036717588448405,85.956,97.824,93.59,224
vpt1_v18_depth,VPT1 v18 Depth,seresnextaa101d_32x8d.sw_in12k_ft_in1k_288,seresnextaa101d,81.666,91.576,9.909999999999997,0.6639999999999873,1.4850000000000136,0.2894043691599807,0.6065346010098921,86.53,98.094,93.59,288
vpt1_v18_depth,VPT1 v18 Depth,shvit_s3.in1k,shvit,73.698,83.542,9.844000000000008,0.9369999999999976,3.5940000000000083,0.40991408313884,1.469086110478215,77.356,93.31,14.25,224
vpt1_v18_depth,VPT1 v18 Depth,shvit_s4.in1k,shvit,76.406,80.547,4.140999999999991,0.27299999999999613,4.805000000000007,0.11481289126225992,1.96647315432138,79.362,94.37,16.59,256
vpt1_v18_depth,VPT1 v18 Depth,skresnet18.ra_in1k,skresnet18.ra,76.589,88.099,11.510000000000005,0.5079999999999956,1.0550000000000068,0.2172131569577572,0.47979648463350394,73.02,91.172,11.96,224
vpt1_v18_depth,VPT1 v18 Depth,skresnet34.ra_in1k,skresnet34.ra,76.133,87.761,11.628,1.4840000000000089,1.0940000000000083,0.6449208392422243,0.4831627285110317,76.956,93.32,22.28,224
vpt1_v18_depth,VPT1 v18 Depth,spnasnet_100.rmsp_in1k,spnasnet,78.451,75.443,-3.0079999999999956,0.39099999999999113,4.219000000000008,0.17584905143016358,1.7227869540047314,74.086,91.826,4.42,224
vpt1_v18_depth,VPT1 v18 Depth,swin_base_patch4_window7_224.ms_in1k,swin,79.18,92.136,12.955999999999989,0.546999999999997,0.4690000000000083,0.2233119392737918,0.21249366003614575,83.604,96.45,87.77,224
vpt1_v18_depth,VPT1 v18 Depth,swin_base_patch4_window7_224.ms_in22k_ft_in1k,swin,82.409,92.656,10.247,0.39000000000000057,0.19499999999999318,0.16340746616969473,0.0842496290792988,85.276,97.566,87.77,224
vpt1_v18_depth,VPT1 v18 Depth,swin_large_patch4_window12_384.ms_in22k_ft_in1k,swin,83.932,93.073,9.140999999999991,0.625,0.5459999999999923,0.2711289156266592,0.23472111110847912,87.142,98.228,196.74,384
vpt1_v18_depth,VPT1 v18 Depth,swin_s3_base_224.ms_in1k,swin,78.685,93.125,14.439999999999998,1.5620000000000118,0.5859999999999985,0.6442753034741222,0.24084480941515443,83.92,96.65,71.13,224
vpt1_v18_depth,VPT1 v18 Depth,swin_s3_small_224.ms_in1k,swin,78.594,91.68,13.086000000000013,1.3669999999999902,0.8589999999999947,0.558756357159954,0.35503270584865937,83.778,96.46,49.74,224
vpt1_v18_depth,VPT1 v18 Depth,swin_s3_tiny_224.ms_in1k,swin,79.453,92.474,13.021,0.6640000000000015,0.7420000000000044,0.272452238423953,0.30642272906703616,82.128,95.958,28.33,224
vpt1_v18_depth,VPT1 v18 Depth,swin_small_patch4_window7_224.ms_in1k,swin,78.737,92.292,13.555000000000007,0.27300000000001035,1.1319999999999908,0.12055704044144872,0.4666278555289554,83.228,96.326,49.61,224
vpt1_v18_depth,VPT1 v18 Depth,swin_small_patch4_window7_224.ms_in22k_ft_in1k,swin,78.984,92.409,13.425000000000011,1.0929999999999893,0.3509999999999991,0.45970449445509887,0.15707959765672871,83.33,96.996,49.61,224
vpt1_v18_depth,VPT1 v18 Depth,swin_tiny_patch4_window7_224.ms_in1k,swin,80.534,92.669,12.134999999999991,0.35200000000000387,0.39000000000000057,0.1575485815726566,0.17537958832201653,81.388,95.54,28.29,224
vpt1_v18_depth,VPT1 v18 Depth,swin_tiny_patch4_window7_224.ms_in22k_ft_in1k,swin,79.219,92.956,13.737000000000009,0.7419999999999902,0.35200000000000387,0.31395257957567346,0.14401234514983768,80.966,96.02,28.29,224
vpt1_v18_depth,VPT1 v18 Depth,swinv2_base_window12to16_192to256.ms_in22k_ft_in1k,swinv2,81.927,93.281,11.354,0.5069999999999908,0.546999999999997,0.23036058690669692,0.2491750834698794,86.27,97.906,87.92,256
vpt1_v18_depth,VPT1 v18 Depth,swinv2_base_window12to24_192to384.ms_in22k_ft_in1k,swinv2,82.005,93.763,11.75800000000001,0.9380000000000024,0.39000000000000057,0.40413391619885597,0.17537958832201653,87.142,98.228,87.92,384
vpt1_v18_depth,VPT1 v18 Depth,swinv2_cr_small_224.sw_in1k,swinv2,78.112,92.305,14.193000000000012,0.1560000000000059,1.8359999999999985,0.06628725367670872,0.8088671089863897,83.126,96.11,49.7,224
vpt1_v18_depth,VPT1 v18 Depth,swinv2_cr_small_ns_224.sw_in1k,swinv2,76.979,92.383,15.403999999999996,0.27299999999999613,0.42900000000000205,0.12055704044144208,0.17729636206081764,83.49,96.486,49.7,224
vpt1_v18_depth,VPT1 v18 Depth,swinv2_cr_tiny_ns_224.sw_in1k,swinv2,80.404,92.513,12.109000000000009,0.8980000000000103,0.39000000000000057,0.3803588948465536,0.17537958832201653,81.796,95.824,28.33,224
vpt1_v18_depth,VPT1 v18 Depth,swinv2_large_window12to16_192to256.ms_in22k_ft_in1k,swinv2,83.073,93.294,10.221000000000004,0.4679999999999893,0.703000000000003,0.19194269978302994,0.2893744210457378,86.934,98.106,196.74,256
vpt1_v18_depth,VPT1 v18 Depth,swinv2_large_window12to24_192to384.ms_in22k_ft_in1k,swinv2,83.32,93.268,9.948000000000008,0.11699999999999022,0.35200000000000387,0.0551543289325461,0.15094664252274476,87.474,98.264,196.74,384
vpt1_v18_depth,VPT1 v18 Depth,swinv2_small_window16_256.ms_in1k,swinv2,79.049,92.279,13.22999999999999,0.39099999999999113,0.3130000000000024,0.17584905143016358,0.12913128547679423,84.216,96.874,49.73,256
vpt1_v18_depth,VPT1 v18 Depth,swinv2_tiny_window16_256.ms_in1k,swinv2,80.573,92.513,11.940000000000012,0.8599999999999994,0.27300000000001035,0.39653527235571584,0.11183022847155838,82.828,96.222,28.35,256
vpt1_v18_depth,VPT1 v18 Depth,tf_efficientnet_b0.aa_in1k,tf_efficientnet,78.958,79.349,0.39100000000000534,0.5859999999999985,0.5069999999999908,0.26752486904128187,0.20718590685661623,76.882,93.27,5.29,224
vpt1_v18_depth,VPT1 v18 Depth,tf_efficientnet_b0.in1k,tf_efficientnet,78.581,76.823,-1.7580000000000098,0.625,0.625,0.2557998349404384,0.2578246604876185,76.542,93.008,5.29,224
vpt1_v18_depth,VPT1 v18 Depth,tf_efficientnet_b1.aa_in1k,tf_efficientnet,78.763,79.258,0.49499999999999034,0.5459999999999923,0.9769999999999897,0.2259159135607731,0.44332255625998396,78.84,94.202,7.79,240
vpt1_v18_depth,VPT1 v18 Depth,tf_efficientnet_b3.aa_in1k,tf_efficientnet,78.398,80.013,1.615000000000009,0.546999999999997,2.069999999999993,0.2491750834698794,0.8711774918018814,81.648,95.724,12.23,300
vpt1_v18_depth,VPT1 v18 Depth,tf_efficientnet_b4.aa_in1k,tf_efficientnet,79.662,81.68,2.0180000000000007,0.3130000000000024,1.3669999999999902,0.14754961500759403,0.564243643197586,83.04,96.298,19.34,380
vpt1_v18_depth,VPT1 v18 Depth,tf_efficientnet_b5.ra_in1k,tf_efficientnet,81.628,83.008,1.3799999999999955,0.03900000000000148,1.2890000000000015,0.018384776310850934,0.5820265362411654,83.834,96.764,30.39,456
vpt1_v18_depth,VPT1 v18 Depth,tf_efficientnet_b6.aa_in1k,tf_efficientnet,81.172,84.779,3.6069999999999993,0.0,1.1709999999999923,0.0,0.4837177781401935,84.124,96.89,43.04,528
vpt1_v18_depth,VPT1 v18 Depth,tf_efficientnet_b7.ap_in1k,tf_efficientnet,85.521,88.958,3.4369999999999976,0.11700000000000443,0.8979999999999961,0.04864154602806308,0.37225200544195114,85.132,97.256,66.35,600
vpt1_v18_depth,VPT1 v18 Depth,tf_efficientnet_b7.ra_in1k,tf_efficientnet,82.93,87.356,4.425999999999988,0.7810000000000059,1.2890000000000015,0.32361740098799285,0.5901154312693596,84.926,97.22,66.35,600
vpt1_v18_depth,VPT1 v18 Depth,tf_efficientnetv2_b3.in21k_ft_in1k,tf_efficientnetv2,77.93,78.503,0.5729999999999933,0.39100000000000534,1.7580000000000098,0.16896219169454124,0.819463781316108,81.078,95.92,14.36,240
vpt1_v18_depth,VPT1 v18 Depth,tf_efficientnetv2_l.in21k_ft_in1k,tf_efficientnetv2,78.88,87.643,8.763000000000005,0.7809999999999917,3.1640000000000015,0.3209821732675404,1.2925234577712275,85.846,97.766,118.52,384
vpt1_v18_depth,VPT1 v18 Depth,tf_mobilenetv3_large_075.in1k,tf_mobilenetv3,80.377,77.057,-3.319999999999993,0.8979999999999961,0.5859999999999985,0.3695062771982198,0.2598170296360272,73.442,91.332,3.99,224
vpt1_v18_depth,VPT1 v18 Depth,tf_mobilenetv3_large_minimal_100.in1k,tf_mobilenetv3,79.622,77.097,-2.5250000000000057,0.2740000000000009,2.6559999999999917,0.1291648386967431,1.2087129058998596,72.27,90.664,3.92,224
vpt1_v18_depth,VPT1 v18 Depth,tf_mobilenetv3_small_075.in1k,tf_mobilenetv3,77.188,74.792,-2.396000000000001,0.23500000000001364,1.953000000000003,0.09593863779637113,0.7981672060971251,65.706,86.13,2.04,224
vpt1_v18_depth,VPT1 v18 Depth,tf_mobilenetv3_small_100.in1k,tf_mobilenetv3,78.138,74.544,-3.5940000000000083,0.39000000000000057,1.9529999999999887,0.17537958832201653,0.800671523715488,67.922,87.686,2.54,224
vpt1_v18_depth,VPT1 v18 Depth,tf_mobilenetv3_small_minimal_100.in1k,tf_mobilenetv3,78.203,73.125,-5.078000000000003,0.07800000000000296,0.8990000000000009,0.03184336665618252,0.4146862267626764,62.892,84.27,2.04,224
vpt1_v18_depth,VPT1 v18 Depth,tiny_vit_21m_224.in1k,tiny,79.036,91.68,12.644000000000005,0.8980000000000103,0.4690000000000083,0.36672817665889634,0.1914685933050732,83.268,96.602,21.2,224
vpt1_v18_depth,VPT1 v18 Depth,tiny_vit_5m_224.in1k,tiny,74.518,91.042,16.524,0.35200000000000387,0.7420000000000044,0.1439822519927001,0.3497821544269476,79.196,94.792,5.39,224
vpt1_v18_depth,VPT1 v18 Depth,tinynet_c.in1k,tinynet,78.45,75.469,-2.9810000000000088,1.2109999999999985,1.6020000000000039,0.5186407448535277,0.6592553037750685,71.214,89.746,2.46,184
vpt1_v18_depth,VPT1 v18 Depth,tresnet_l.miil_in1k,tresnet,79.258,89.219,9.960999999999999,0.5859999999999985,0.8990000000000009,0.2530577448374603,0.37622422392327015,81.498,95.652,55.99,224
vpt1_v18_depth,VPT1 v18 Depth,tresnet_m.miil_in1k,tresnet,81.029,89.362,8.332999999999998,0.4690000000000083,0.7419999999999902,0.19492277673194058,0.3257261972202323,80.816,94.862,31.39,224
vpt1_v18_depth,VPT1 v18 Depth,tresnet_m.miil_in21k_ft_in1k,tresnet,81.146,89.075,7.929000000000002,0.5069999999999908,0.8590000000000089,0.21675331600692502,0.35263232346958534,83.09,96.112,31.39,224
vpt1_v18_depth,VPT1 v18 Depth,tresnet_v2_l.miil_in21k_ft_in1k,tresnet,81.302,88.854,7.5519999999999925,0.23400000000000887,0.7809999999999917,0.09728309205612616,0.3439227949538783,83.91,96.492,46.17,224
vpt1_v18_depth,VPT1 v18 Depth,tresnet_xl.miil_in1k,tresnet,80.677,89.987,9.309999999999988,0.4690000000000083,0.11700000000000443,0.1950116805618494,0.04864154602806308,82.06,95.932,78.44,224
vpt1_v18_depth,VPT1 v18 Depth,twins_pcpvt_base.in1k,twins,75.391,91.55,16.158999999999992,1.171999999999997,1.9140000000000015,0.4816354084436328,0.7840515856044743,82.724,96.35,43.83,224
vpt1_v18_depth,VPT1 v18 Depth,twins_pcpvt_large.in1k,twins,76.966,91.601,14.635000000000005,0.7809999999999917,0.625,0.3209821732675404,0.26109810842329473,83.158,96.626,60.99,224
vpt1_v18_depth,VPT1 v18 Depth,twins_pcpvt_small.in1k,twins,76.302,91.719,15.416999999999987,1.3670000000000044,1.524000000000001,0.5581511145439635,0.637317468421788,81.116,95.624,24.11,224
vpt1_v18_depth,VPT1 v18 Depth,twins_svt_base.in1k,twins,78.919,92.265,13.346000000000004,0.625,0.7419999999999902,0.2946278254943948,0.3329237483602223,83.122,96.43,56.07,224
vpt1_v18_depth,VPT1 v18 Depth,twins_svt_large.in1k,twins,80.377,92.526,12.149000000000001,0.625,1.3670000000000044,0.2656066431565473,0.5599648798511107,83.718,96.6,99.27,224
vpt1_v18_depth,VPT1 v18 Depth,twins_svt_small.in1k,twins,75.912,91.328,15.415999999999997,0.6640000000000015,1.3279999999999887,0.2894043691599873,0.5668409535898608,81.694,95.67,24.06,224
vpt1_v18_depth,VPT1 v18 Depth,vgg11.tv_in1k,vgg11.tv,74.505,90.43,15.925000000000011,0.23399999999999466,0.8599999999999994,0.1023621023621508,0.3681560659406407,69.05,88.63,132.86,224
vpt1_v18_depth,VPT1 v18 Depth,vgg11_bn.tv_in1k,vgg11,77.826,89.206,11.38000000000001,0.8590000000000089,1.4840000000000089,0.3511792831146101,0.6736825826917501,70.374,89.802,132.87,224
vpt1_v18_depth,VPT1 v18 Depth,vgg13.tv_in1k,vgg13.tv,73.958,89.818,15.86,0.7419999999999902,1.0550000000000068,0.3063520124881717,0.43080003095017183,69.95,89.262,133.05,224
vpt1_v18_depth,VPT1 v18 Depth,vgg13_bn.tv_in1k,vgg13,77.344,89.167,11.823000000000008,0.4690000000000083,0.35200000000000387,0.19918891089170415,0.1575485815726566,71.56,90.372,133.05,224
vpt1_v18_depth,VPT1 v18 Depth,vgg16.tv_in1k,vgg16.tv,74.271,90.794,16.522999999999996,0.8990000000000009,1.4460000000000122,0.3698819631540132,0.6335667990740173,71.594,90.398,138.36,224
vpt1_v18_depth,VPT1 v18 Depth,vgg16_bn.tv_in1k,vgg16,76.432,89.375,12.942999999999998,0.3130000000000024,0.23400000000000887,0.12913128547679328,0.09553009996854757,73.354,91.49,138.37,224
vpt1_v18_depth,VPT1 v18 Depth,vgg19.tv_in1k,vgg19.tv,72.786,91.263,18.477000000000004,0.625,0.8589999999999947,0.2946278254943948,0.38037028742470547,72.4,90.878,143.67,224
vpt1_v18_depth,VPT1 v18 Depth,vgg19_bn.tv_in1k,vgg19,76.133,88.763,12.63000000000001,0.3119999999999976,1.7190000000000083,0.1273734666247243,0.7170738378220841,74.23,91.848,143.68,224
vpt1_v18_depth,VPT1 v18 Depth,visformer_small.in1k,visformer,80.95,92.552,11.602000000000004,0.4689999999999941,1.3670000000000044,0.21249366003614198,0.5795417730126694,82.092,95.876,40.22,224
vpt1_v18_depth,VPT1 v18 Depth,visformer_tiny.in1k,visformer,76.185,91.484,15.298999999999992,0.42900000000000205,0.35199999999998965,0.17537958832201755,0.16593439131843826,78.16,94.164,10.32,224
vpt1_v18_depth,VPT1 v18 Depth,vit_base_patch16_224.augreg2_in21k_ft_in1k,vit,80.755,92.487,11.732,0.7419999999999902,1.25,0.3097281962552863,0.5106414267043624,85.108,97.53,86.57,224
vpt1_v18_depth,VPT1 v18 Depth,vit_base_patch16_224.augreg_in1k,vit,80.677,92.63,11.952999999999989,0.7029999999999887,0.9369999999999976,0.3014325058044556,0.40991408313884,79.154,94.108,86.57,224
vpt1_v18_depth,VPT1 v18 Depth,vit_base_patch16_224.augreg_in21k_ft_in1k,vit,82.995,91.445,8.449999999999989,0.5860000000000127,1.1330000000000098,0.23941920465066707,0.4698858017291758,84.534,97.3,86.57,224
vpt1_v18_depth,VPT1 v18 Depth,vit_base_patch16_224.orig_in21k_ft_in1k,vit,77.956,91.888,13.932000000000002,1.1720000000000113,0.546999999999997,0.4788200775517574,0.2415813642555151,81.782,96.122,86.57,224
vpt1_v18_depth,VPT1 v18 Depth,vit_base_patch16_224.sam_in1k,vit,80.755,91.354,10.599000000000004,0.5080000000000098,0.27299999999999613,0.20760432451073166,0.12055704044144208,80.246,94.764,86.57,224
vpt1_v18_depth,VPT1 v18 Depth,vit_base_patch16_224_miil.in21k_ft_in1k,vit,80.326,91.784,11.458000000000013,1.2109999999999985,0.9380000000000024,0.5087372166016115,0.4249873200722848,84.278,96.798,86.54,224
vpt1_v18_depth,VPT1 v18 Depth,vit_base_patch16_clip_224.laion2b_ft_in12k_in1k,vit,76.315,91.927,15.612000000000009,1.6789999999999878,0.4690000000000083,0.6884625383175618,0.1950116805618494,86.204,97.762,86.57,224
vpt1_v18_depth,VPT1 v18 Depth,vit_base_patch16_clip_224.laion2b_ft_in1k,vit,76.471,91.797,15.325999999999993,0.39100000000000534,1.0940000000000083,0.1607074637000092,0.4500162960012332,85.488,97.586,86.57,224
vpt1_v18_depth,VPT1 v18 Depth,vit_base_patch16_clip_224.openai_ft_in12k_in1k,vit,78.047,92.252,14.204999999999998,0.5859999999999985,1.6400000000000006,0.2530577448374603,0.7640769303908838,85.954,97.724,86.57,224
vpt1_v18_depth,VPT1 v18 Depth,vit_base_patch16_clip_224.openai_ft_in1k,vit,76.276,85.0,8.724000000000004,0.5069999999999908,20.625,0.20718590685661623,8.951566455096001,85.282,97.448,86.57,224
vpt1_v18_depth,VPT1 v18 Depth,vit_base_patch16_clip_384.laion2b_ft_in12k_in1k,vit,78.242,91.536,13.293999999999997,0.39000000000000057,1.328000000000003,0.16849925815860417,0.5926872887300879,87.21,98.032,86.86,384
vpt1_v18_depth,VPT1 v18 Depth,vit_base_patch16_clip_384.laion2b_ft_in1k,vit,77.643,92.057,14.414000000000001,0.23399999999999466,0.703000000000003,0.1023621023621508,0.31462817561192674,86.638,98.008,86.86,384
vpt1_v18_depth,VPT1 v18 Depth,vit_base_patch16_rpn_224.sw_in1k,vit,79.271,91.836,12.564999999999998,0.9380000000000024,0.9770000000000039,0.3938155236486589,0.4220197467733786,82.218,95.996,86.54,224
vpt1_v18_depth,VPT1 v18 Depth,vit_base_patch32_224.augreg_in1k,vit,79.753,90.573,10.819999999999993,0.5859999999999985,0.8990000000000009,0.24356427397209823,0.398899318959892,74.908,91.77,88.22,224
vpt1_v18_depth,VPT1 v18 Depth,vit_base_patch32_224.augreg_in21k_ft_in1k,vit,80.846,90.521,9.674999999999997,0.23499999999999943,0.11700000000000443,0.10265909062956198,0.04864154602806308,80.732,95.574,88.22,224
vpt1_v18_depth,VPT1 v18 Depth,vit_base_patch32_224.sam_in1k,vit,80.599,90.534,9.935000000000002,0.5069999999999908,1.2109999999999985,0.20718590685661623,0.5619041041158367,73.704,91.012,88.22,224
vpt1_v18_depth,VPT1 v18 Depth,vit_base_patch32_384.augreg_in1k,vit,81.12,92.278,11.158000000000001,0.27299999999999613,1.2890000000000015,0.11183022847155233,0.5901154312693626,78.75,94.238,88.3,384
vpt1_v18_depth,VPT1 v18 Depth,vit_base_patch32_clip_224.laion2b_ft_in12k_in1k,vit,76.211,89.232,13.021,0.8199999999999932,2.7339999999999947,0.3448916093821659,1.2074395314972157,83.304,96.528,88.22,224
vpt1_v18_depth,VPT1 v18 Depth,vit_base_patch32_clip_224.laion2b_ft_in1k,vit,75.352,88.854,13.501999999999995,0.546999999999997,1.6019999999999897,0.23007873048637512,0.7291789903720457,82.614,96.206,88.22,224
vpt1_v18_depth,VPT1 v18 Depth,vit_base_patch32_clip_224.openai_ft_in1k,vit,76.042,89.974,13.932000000000002,0.9369999999999976,0.9380000000000024,0.3843143967581162,0.3938155236486589,81.944,95.972,88.22,224
vpt1_v18_depth,VPT1 v18 Depth,vit_base_patch8_224.augreg2_in21k_ft_in1k,vit,78.711,93.19,14.479,0.703000000000003,0.4300000000000068,0.33139737811609665,0.20270394394014685,86.252,97.84,86.58,224
vpt1_v18_depth,VPT1 v18 Depth,vit_base_patch8_224.augreg_in21k_ft_in1k,vit,81.25,93.489,12.239000000000004,0.23400000000000887,1.4849999999999994,0.09553009996854757,0.6132135752646779,85.838,97.776,86.58,224
vpt1_v18_depth,VPT1 v18 Depth,vit_huge_patch14_clip_224.laion2b_ft_in1k,vit,77.422,89.961,12.539000000000001,0.9380000000000024,1.445999999999998,0.3829368964551045,0.6404713542037261,87.612,98.226,632.05,224
vpt1_v18_depth,VPT1 v18 Depth,vit_huge_patch14_clip_336.laion2b_ft_in12k_in1k,vit,81.003,88.932,7.929000000000002,0.07800000000000296,13.47699999999999,0.03676955262170187,6.211048023929254,88.634,98.668,632.46,336
vpt1_v18_depth,VPT1 v18 Depth,vit_large_patch14_clip_224.laion2b_ft_in12k_in1k,vit,79.011,91.992,12.981000000000009,1.2109999999999985,0.9369999999999976,0.5186407448535277,0.4168743482420366,87.9,98.408,304.2,224
vpt1_v18_depth,VPT1 v18 Depth,vit_large_patch14_clip_224.laion2b_ft_in1k,vit,75.443,91.953,16.510000000000005,0.9770000000000039,2.0320000000000107,0.4165111709853142,0.8459934331239792,87.288,98.236,304.2,224
vpt1_v18_depth,VPT1 v18 Depth,vit_large_patch14_clip_224.openai_ft_in12k_in1k,vit,80.391,91.537,11.146,0.9759999999999991,3.8279999999999887,0.3994198570705045,1.7047784476451893,88.162,98.538,304.2,224
vpt1_v18_depth,VPT1 v18 Depth,vit_large_patch14_clip_224.openai_ft_in1k,vit,77.669,92.565,14.896,1.524000000000001,0.7040000000000077,0.6335873174937215,0.3017493441031279,87.858,98.43,304.2,224
vpt1_v18_depth,VPT1 v18 Depth,vit_large_patch16_224.augreg_in21k_ft_in1k,vit,82.331,92.435,10.104,0.7809999999999917,0.5069999999999908,0.3193580366227743,0.20718590685661623,85.856,97.822,304.33,224
vpt1_v18_depth,VPT1 v18 Depth,vit_large_patch16_384.augreg_in21k_ft_in1k,vit,84.036,92.825,8.789000000000001,0.5079999999999956,1.718999999999994,0.20760432451072602,0.7078042730083552,87.096,98.302,304.72,384
vpt1_v18_depth,VPT1 v18 Depth,vit_large_r50_s32_384.augreg_in21k_ft_in1k,vit,82.422,93.112,10.689999999999998,0.23399999999999466,0.6640000000000015,0.09553009996854177,0.2963436443650466,86.188,97.928,329.09,384
vpt1_v18_depth,VPT1 v18 Depth,vit_medium_patch16_gap_384.sw_in12k_ft_in1k,vit,79.635,93.398,13.762999999999991,1.0940000000000083,1.600999999999999,0.44817357748483855,0.6993102951400681,85.556,97.638,39.03,384
vpt1_v18_depth,VPT1 v18 Depth,vit_relpos_base_patch16_224.sw_in1k,vit,78.698,91.628,12.930000000000007,0.9770000000000039,0.1570000000000107,0.42837911558182507,0.07401050976419701,82.482,96.144,86.43,224
vpt1_v18_depth,VPT1 v18 Depth,vit_relpos_base_patch16_clsgap_224.sw_in1k,vit,79.857,91.393,11.536000000000001,0.4680000000000035,0.19499999999999318,0.21202358359390253,0.08013738203859436,82.758,96.178,86.43,224
vpt1_v18_depth,VPT1 v18 Depth,vit_relpos_medium_patch16_224.sw_in1k,vit,77.317,91.758,14.441000000000003,1.8359999999999985,0.9770000000000039,0.759047356156971,0.40734833578482665,82.462,96.086,38.75,224
vpt1_v18_depth,VPT1 v18 Depth,vit_relpos_medium_patch16_cls_224.sw_in1k,vit,79.649,91.51,11.861000000000004,1.25,0.4689999999999941,0.5221962168465881,0.2051898849575377,82.558,96.076,38.76,224
vpt1_v18_depth,VPT1 v18 Depth,vit_relpos_medium_patch16_rpn_224.sw_in1k,vit,77.799,91.784,13.985,0.6640000000000015,0.35200000000000387,0.27498525212979963,0.1575485815726566,82.314,95.986,38.73,224
vpt1_v18_depth,VPT1 v18 Depth,vit_relpos_small_patch16_224.sw_in1k,vit,77.487,91.732,14.245000000000005,0.9770000000000039,1.4849999999999994,0.4114762042532569,0.67394675028686,81.476,95.824,21.98,224
vpt1_v18_depth,VPT1 v18 Depth,vit_small_patch16_224.augreg_in1k,vit,79.636,92.266,12.63000000000001,0.8589999999999947,0.0,0.38037028742470547,0.0,78.842,94.28,22.05,224
vpt1_v18_depth,VPT1 v18 Depth,vit_small_patch16_224.augreg_in21k_ft_in1k,vit,80.703,91.55,10.846999999999994,0.9380000000000024,0.8589999999999947,0.4421774405019888,0.38037028742470547,81.402,96.15,22.05,224
vpt1_v18_depth,VPT1 v18 Depth,vit_so400m_patch14_siglip_gap_378.webli_ft_in1k,vit,77.539,93.203,15.664000000000001,0.1950000000000074,0.8979999999999961,0.08424962907930537,0.39176296688459705,89.056,98.752,414.14,378
vpt1_v18_depth,VPT1 v18 Depth,vit_srelpos_medium_patch16_224.sw_in1k,vit,79.193,90.729,11.536000000000001,0.4690000000000083,0.7419999999999902,0.19237174659728526,0.30305261736023087,82.256,95.932,38.74,224
vpt1_v18_depth,VPT1 v18 Depth,vit_srelpos_small_patch16_224.sw_in1k,vit,77.747,91.341,13.593999999999994,1.0929999999999893,1.0940000000000083,0.44774720049996053,0.4559853798825898,81.108,95.58,21.97,224
vpt1_v18_depth,VPT1 v18 Depth,vit_tiny_patch16_224.augreg_in21k_ft_in1k,vit,74.401,91.536,17.135000000000005,2.1099999999999994,0.35199999999998965,0.8645372558002727,0.1575485815726527,75.452,92.858,5.72,224
vpt1_v18_depth,VPT1 v18 Depth,vit_tiny_r_s16_p8_224.augreg_in21k_ft_in1k,vit,75.339,89.557,14.218000000000004,1.6020000000000039,1.25,0.6769940094926175,0.5116333322474859,71.8,90.81,6.34,224
vpt1_v18_depth,VPT1 v18 Depth,volo_d1_224.sail_in1k,volo,75.104,92.239,17.135000000000005,0.625,1.1329999999999956,0.28587915084680227,0.4883812263204033,84.148,96.772,26.63,224
vpt1_v18_depth,VPT1 v18 Depth,volo_d1_384.sail_in1k,volo,76.393,93.359,16.965999999999994,1.3669999999999902,1.8359999999999985,0.5581511145439578,0.7541217113673059,85.262,97.218,26.78,384
vpt1_v18_depth,VPT1 v18 Depth,volo_d2_224.sail_in1k,volo,76.914,92.995,16.081000000000003,0.820999999999998,1.0550000000000068,0.34523132341470125,0.4469727806776038,85.204,97.186,58.68,224
vpt1_v18_depth,VPT1 v18 Depth,volo_d2_384.sail_in1k,volo,77.11,94.036,16.926000000000002,0.703000000000003,0.4689999999999941,0.2922947523001795,0.21249366003613906,86.054,97.582,58.87,384
vpt1_v18_depth,VPT1 v18 Depth,volo_d3_224.sail_in1k,volo,73.581,92.799,19.218000000000004,0.9369999999999976,0.7810000000000059,0.393473703766281,0.3439227949538824,85.44,97.274,86.33,224
vpt1_v18_depth,VPT1 v18 Depth,volo_d4_224.sail_in1k,volo,77.995,93.008,15.012999999999991,0.9770000000000039,0.9379999999999882,0.3989644929898748,0.41734265165315393,85.868,97.464,192.96,224
vpt1_v18_depth,VPT1 v18 Depth,volo_d5_224.sail_in1k,volo,77.8,93.555,15.75500000000001,1.1330000000000098,1.3680000000000092,0.5087712867509585,0.5646127483112291,86.076,97.574,295.46,224
vpt1_v18_depth,VPT1 v18 Depth,wide_resnet101_2.tv_in1k,wide_resnet,77.786,90.377,12.590999999999994,0.4299999999999926,0.7809999999999917,0.17579975982792048,0.3439227949538783,78.862,94.312,126.89,224
vpt1_v18_depth,VPT1 v18 Depth,wide_resnet50_2.tv_in1k,wide_resnet,77.956,90.195,12.23899999999999,1.0549999999999926,0.6639999999999873,0.48000439812799456,0.28335176410641805,78.486,94.084,68.88,224
vpt1_v18_depth,VPT1 v18 Depth,xception65.ra3_in1k,xception65.ra3,75.781,82.135,6.353999999999999,0.5080000000000098,0.07900000000000773,0.20918466058060683,0.037240957142495146,83.186,96.596,39.92,299
vpt1_v18_depth,VPT1 v18 Depth,xcit_large_24_p16_224.fb_dist_in1k,xcit,81.537,90.833,9.295999999999992,0.9369999999999976,0.19599999999999795,0.4036717588448405,0.0805701902415249,84.936,97.128,189.1,224
vpt1_v18_depth,VPT1 v18 Depth,xcit_medium_24_p8_224.fb_in1k,xcit,77.93,93.099,15.168999999999997,0.8979999999999961,0.6640000000000015,0.36766047138932545,0.27498525212979963,83.744,96.394,84.32,224
vpt1_v18_depth,VPT1 v18 Depth,xcit_nano_12_p16_224.fb_in1k,xcit,70.885,88.646,17.760999999999996,2.227000000000004,1.054000000000002,0.9258820419230293,0.479534033087214,69.982,89.78,3.05,224
vpt1_v18_depth,VPT1 v18 Depth,xcit_nano_12_p8_224.fb_in1k,xcit,71.432,90.612,19.179999999999993,1.0150000000000006,0.625,0.4208882142432705,0.2578246604876185,73.9,92.154,3.05,224
vpt1_v18_depth,VPT1 v18 Depth,xcit_small_12_p16_224.fb_dist_in1k,xcit,77.5,89.974,12.474000000000004,1.0940000000000083,0.23400000000000887,0.47628842802095084,0.10236210236215743,83.354,96.42,26.25,224
vpt1_v18_depth,VPT1 v18 Depth,xcit_small_12_p8_224.fb_in1k,xcit,76.276,92.214,15.938000000000002,1.5630000000000024,0.6640000000000015,0.7277870567686685,0.29634364436504396,83.354,96.472,26.21,224
vpt1_v18_depth,VPT1 v18 Depth,xcit_small_24_p16_384.fb_dist_in1k,xcit,77.122,92.005,14.882999999999996,0.9759999999999991,1.25,0.4036502886850885,0.571545857011198,85.102,97.318,47.67,384
vpt1_v18_depth,VPT1 v18 Depth,xcit_small_24_p8_224.fb_in1k,xcit,76.966,92.435,15.469000000000008,0.8199999999999932,0.546999999999997,0.35553277704812847,0.22408678874241653,83.854,96.636,47.63,224
vpt1_v18_depth,VPT1 v18 Depth,xcit_tiny_12_p16_224.fb_dist_in1k,xcit,72.096,88.763,16.667,0.8980000000000103,0.5069999999999908,0.3803588948465536,0.2120235835938979,78.572,94.21,6.72,224
vpt1_v18_depth,VPT1 v18 Depth,xcit_tiny_12_p16_384.fb_dist_in1k,xcit,72.852,90.911,18.058999999999997,1.6019999999999897,0.39099999999999113,0.6592553037750623,0.16385833990235157,80.954,95.43,6.72,384
vpt1_v18_depth,VPT1 v18 Depth,xcit_tiny_12_p8_224.fb_in1k,xcit,75.404,90.768,15.364000000000004,0.5859999999999985,1.2109999999999985,0.24365321440294657,0.5376994203704023,79.71,95.058,6.71,224
vpt1_v18_depth,VPT1 v18 Depth,xcit_tiny_24_p8_224.fb_in1k,xcit,74.102,91.406,17.304000000000002,0.4689999999999941,0.820999999999998,0.19931939750616762,0.36260569340385357,81.888,95.978,12.11,224
vpt2_v4,VPT2 v4,beit3_base_patch16_224.in22k_ft_in1k,beit3,50.287,99.14,48.853,1.25,0.3130000000000024,0.5312132863130918,0.1392703206796856,85.39,97.64,86.66,224
vpt2_v4,VPT2 v4,beit3_large_patch16_224.in22k_ft_in1k,beit3,51.927,88.346,36.419000000000004,1.4839999999999947,30.546999999999997,0.6102873640070421,14.272811830734529,87.628,98.334,304.57,224
vpt2_v4,VPT2 v4,beit3_large_patch16_224.indomain_in22k_ft_in1k,beit3,50.82,98.867,48.047000000000004,1.4450000000000003,0.4680000000000035,0.620846912603171,0.19886176103011965,87.534,98.364,304.57,224
vpt2_v4,VPT2 v4,beit_base_patch16_224.in22k_ft_in22k_in1k,beit,51.914,98.698,46.78399999999999,1.9529999999999959,0.4690000000000083,0.8635288066995784,0.21249366003614575,85.238,97.654,86.53,224
vpt2_v4,VPT2 v4,beit_base_patch16_384.in22k_ft_in22k_in1k,beit,51.706,98.893,47.187,1.1720000000000041,0.39000000000000057,0.48408539191620775,0.18384776310850262,86.814,98.136,86.74,384
vpt2_v4,VPT2 v4,beit_large_patch16_224.in22k_ft_in22k_in1k,beit,52.943,98.984,46.041,1.600999999999999,0.23499999999999943,0.7370220862060758,0.11078006238589218,87.486,98.318,304.43,224
vpt2_v4,VPT2 v4,beit_large_patch16_384.in22k_ft_in22k_in1k,beit,52.578,98.893,46.315,1.6799999999999997,0.35200000000000387,0.6908571165990514,0.15094664252274476,88.38,98.604,305.0,384
vpt2_v4,VPT2 v4,beit_large_patch16_512.in22k_ft_in22k_in1k,beit,52.331,99.232,46.900999999999996,1.9140000000000015,0.3509999999999991,0.8932177785960156,0.15707959765672871,88.576,98.656,305.67,512
vpt2_v4,VPT2 v4,beitv2_base_patch16_224.in1k_ft_in1k,beitv2,51.107,98.828,47.721000000000004,1.600999999999999,0.19499999999999318,0.7132135413433728,0.0842496290792988,85.596,97.514,86.53,224
vpt2_v4,VPT2 v4,beitv2_base_patch16_224.in1k_ft_in22k_in1k,beitv2,50.573,98.841,48.267999999999994,0.8599999999999994,0.1559999999999917,0.3629279083601405,0.07353910524339703,86.494,98.056,86.53,224
vpt2_v4,VPT2 v4,beitv2_large_patch16_224.in1k_ft_in1k,beitv2,52.109,99.089,46.98,2.422000000000004,0.4299999999999926,1.0831442911983418,0.17579975982792048,87.414,98.216,304.43,224
vpt2_v4,VPT2 v4,beitv2_large_patch16_224.in1k_ft_in22k_in1k,beitv2,51.745,98.958,47.213,2.6950000000000003,0.4689999999999941,1.2613432874871489,0.19501168056184306,88.406,98.602,304.43,224
vpt2_v4,VPT2 v4,caformer_m36.sail_in1k,caformer,51.875,97.2,45.325,0.7430000000000021,2.6170000000000044,0.3144084392421216,1.1330702635857246,85.242,97.226,56.2,224
vpt2_v4,VPT2 v4,caformer_m36.sail_in22k_ft_in1k,caformer,50.69,97.578,46.888000000000005,2.227000000000004,1.6020000000000039,0.9114431779692409,0.6819747470072165,86.606,98.038,56.2,224
vpt2_v4,VPT2 v4,caformer_s18.sail_in1k,caformer,51.276,95.56,44.284,2.7340000000000018,3.0080000000000098,1.1199297597022182,1.2288795257831007,83.664,96.526,26.34,224
vpt2_v4,VPT2 v4,caformer_s18.sail_in22k_ft_in1k,caformer,50.964,98.724,47.760000000000005,1.0930000000000035,0.3120000000000118,0.44658432076770993,0.13257450735341744,84.092,97.182,26.34,224
vpt2_v4,VPT2 v4,caformer_s36.sail_in1k,caformer,50.638,97.878,47.24,1.5619999999999976,1.0150000000000006,0.6387430364917221,0.41602109989224845,84.528,97.01,39.3,224
vpt2_v4,VPT2 v4,caformer_s36.sail_in22k_ft_in1k,caformer,51.523,98.438,46.915,2.421999999999997,0.5859999999999985,1.0428350247708815,0.24084480941515443,85.78,97.832,39.3,224
vpt2_v4,VPT2 v4,cait_m36_384.fb_dist_in1k,cait,50.469,98.49,48.020999999999994,3.0859999999999985,0.7810000000000059,1.3445001549522655,0.36816693073779855,86.06,97.732,271.22,384
vpt2_v4,VPT2 v4,cait_s24_224.fb_dist_in1k,cait,50.456,98.568,48.111999999999995,0.7419999999999973,0.3509999999999991,0.3097281962552888,0.15707959765672871,83.484,96.586,46.92,224
vpt2_v4,VPT2 v4,cait_s36_384.fb_dist_in1k,cait,52.721,98.841,46.12,4.452999999999996,0.3509999999999991,1.8416120353888012,0.15048587973627414,85.458,97.48,68.37,384
vpt2_v4,VPT2 v4,cait_xxs24_224.fb_dist_in1k,cait,49.857,98.385,48.528000000000006,3.0080000000000027,0.07900000000000773,1.2847523756221153,0.037240957142495146,78.4,94.326,11.96,224
vpt2_v4,VPT2 v4,cait_xxs36_224.fb_dist_in1k,cait,50.833,98.255,47.422,2.772999999999996,0.1559999999999917,1.263752700843359,0.07353910524339703,79.75,94.866,17.3,224
vpt2_v4,VPT2 v4,coat_lite_medium.in1k,coat,50.86,95.925,45.065,2.8910000000000053,7.109999999999999,1.1918205495049277,3.2304846213670313,83.602,96.714,44.57,224
vpt2_v4,VPT2 v4,coat_lite_mini.in1k,coat,51.901,90.599,38.698,3.0859999999999985,5.117000000000004,1.3381908184809315,2.2244614329465633,79.104,94.606,11.01,224
vpt2_v4,VPT2 v4,coat_lite_small.in1k,coat,50.729,97.044,46.315,0.9370000000000047,0.9770000000000039,0.4245172421573596,0.4014980282226399,82.304,95.854,19.84,224
vpt2_v4,VPT2 v4,coat_lite_tiny.in1k,coat,49.974,84.714,34.74,0.4680000000000035,19.531999999999996,0.19194269978303571,7.979346854362342,77.548,93.924,5.72,224
vpt2_v4,VPT2 v4,coat_mini.in1k,coat,50.755,69.362,18.606999999999992,2.1099999999999994,42.187999999999995,0.8940717097762474,19.39248046709514,81.32,95.388,10.34,224
vpt2_v4,VPT2 v4,coat_small.in1k,coat,52.982,92.031,39.04900000000001,2.4609999999999985,5.195000000000007,1.0444584987234076,2.40430285576136,82.378,96.214,21.69,224
vpt2_v4,VPT2 v4,coat_tiny.in1k,coat,49.883,75.247,25.363999999999997,1.8359999999999985,3.6709999999999923,0.7740617259337617,1.4991362698419202,78.442,94.044,5.5,224
vpt2_v4,VPT2 v4,coatnet_0_rw_224.sw_in1k,coatnet,53.138,53.646,0.5080000000000027,1.4059999999999988,2.8909999999999982,0.6085808628823841,1.25394603817974,82.396,95.844,27.44,224
vpt2_v4,VPT2 v4,coatnet_1_rw_224.sw_in1k,coatnet,51.107,52.057,0.9500000000000028,2.1869999999999976,2.421999999999997,0.9243355571556363,1.0984623596444048,83.62,96.382,41.72,224
vpt2_v4,VPT2 v4,coatnet_bn_0_rw_224.sw_in1k,coatnet,51.979,66.224,14.245000000000005,1.6799999999999997,11.131999999999998,0.7034871869637866,5.025549588519315,82.394,96.194,27.44,224
vpt2_v4,VPT2 v4,coatnet_nano_rw_224.sw_in1k,coatnet,50.833,51.628,0.7950000000000017,1.6799999999999997,1.875,0.7427912821842276,0.8660842915097807,81.704,95.65,15.14,224
vpt2_v4,VPT2 v4,coatnet_rmlp_1_rw2_224.sw_in12k_ft_in1k,coatnet,52.214,71.328,19.114000000000004,1.1329999999999956,38.047,0.4883812263204033,15.666505084273119,84.94,96.968,41.72,224
vpt2_v4,VPT2 v4,coatnet_rmlp_1_rw_224.sw_in1k,coatnet,50.794,66.12,15.326000000000008,4.023000000000003,40.82,1.7187170279665658,18.344949047505025,83.35,96.452,41.69,224
vpt2_v4,VPT2 v4,coatnet_rmlp_2_rw_224.sw_in1k,coatnet,51.719,62.565,10.845999999999997,1.6400000000000006,14.024000000000001,0.6717951076531201,5.729185185424616,84.608,96.744,73.88,224
vpt2_v4,VPT2 v4,coatnet_rmlp_nano_rw_224.sw_in1k,coatnet,50.169,55.794,5.625,1.5620000000000047,2.8519999999999968,0.7273157651407158,1.164362295660398,82.064,95.874,15.15,224
vpt2_v4,VPT2 v4,convformer_s18.sail_in1k_384,convformer,52.552,98.425,45.873,1.3670000000000044,0.1570000000000107,0.6444099799213424,0.07401050976419701,84.392,97.11,26.77,384
vpt2_v4,VPT2 v4,convit_base.fb_in1k,convit,52.083,97.852,45.769000000000005,2.3049999999999997,1.7190000000000083,1.0356506274908648,0.7357102388546458,82.296,95.936,86.54,224
vpt2_v4,VPT2 v4,convit_small.fb_in1k,convit,51.667,97.487,45.81999999999999,2.3049999999999997,2.5,0.9464799111561859,1.1785113019775793,81.412,95.74,27.78,224
vpt2_v4,VPT2 v4,convit_tiny.fb_in1k,convit,52.682,94.687,42.004999999999995,2.6950000000000003,8.24199999999999,1.2036545277704163,3.691902610970238,73.14,91.704,5.71,224
vpt2_v4,VPT2 v4,convmixer_1536_20.in1k,convmixer,52.539,67.63,15.090999999999994,0.6239999999999952,9.570000000000007,0.26064918952492233,3.9217740883431857,81.382,95.618,51.63,224
vpt2_v4,VPT2 v4,convnext_base.clip_laion2b_augreg_ft_in12k_in1k_384,convnext,51.888,99.036,47.148,1.0159999999999982,0.4299999999999926,0.4212489366949972,0.18704960720502717,87.144,98.228,88.59,384
vpt2_v4,VPT2 v4,convnext_base.fb_in22k_ft_in1k,convnext,51.875,97.93,46.05500000000001,3.0080000000000027,0.7419999999999902,1.2529815109037596,0.30415164346460405,85.814,97.856,88.59,224
vpt2_v4,VPT2 v4,convnext_base.fb_in22k_ft_in1k_384,convnext,50.547,98.099,47.55200000000001,0.23400000000000176,0.27299999999999613,0.09553009996854467,0.12055704044144208,86.826,98.244,88.59,384
vpt2_v4,VPT2 v4,convnext_large.fb_in22k_ft_in1k,convnext,52.252,97.891,45.639,1.25,0.19599999999999795,0.5186073230832322,0.08455898664377372,86.612,98.036,197.77,224
vpt2_v4,VPT2 v4,convnext_large.fb_in22k_ft_in1k_384,convnext,53.099,98.372,45.273,0.820999999999998,0.15699999999999648,0.33830853767924074,0.06661497996363305,87.456,98.38,197.77,384
vpt2_v4,VPT2 v4,convnext_large_mlp.clip_laion2b_augreg_ft_in1k,convnext,52.604,99.062,46.458,0.5859999999999985,0.07900000000000773,0.25981702963602854,0.03225247621846153,87.344,98.222,200.13,256
vpt2_v4,VPT2 v4,convnext_large_mlp.clip_laion2b_soup_ft_in12k_in1k_384,convnext,53.463,99.284,45.821000000000005,0.5470000000000041,0.5859999999999985,0.23518267131931614,0.2394192046506614,88.334,98.574,200.13,384
vpt2_v4,VPT2 v4,convnext_nano.in12k_ft_in1k,convnext,49.818,98.698,48.879999999999995,2.655999999999999,0.3509999999999991,1.157617476639939,0.15048587973627414,82.306,96.338,15.59,224
vpt2_v4,VPT2 v4,convnext_small.fb_in1k,convnext,51.263,98.385,47.12200000000001,2.578000000000003,0.23499999999999943,1.0835919691265514,0.09772864927383902,83.144,96.432,50.22,224
vpt2_v4,VPT2 v4,convnext_small.fb_in22k_ft_in1k,convnext,51.289,98.177,46.888000000000005,1.6400000000000006,0.1560000000000059,0.7050864407211983,0.07353910524340374,84.582,97.414,50.22,224
vpt2_v4,VPT2 v4,convnext_small.in12k_ft_in1k_384,convnext,52.838,99.166,46.327999999999996,1.7970000000000041,0.6640000000000015,0.7448652376250519,0.31301260180524576,86.186,97.92,50.22,384
vpt2_v4,VPT2 v4,convnext_tiny.fb_in22k_ft_in1k,convnext,49.349,97.265,47.916000000000004,4.57,1.2109999999999985,1.8776626131680019,0.5133837637565961,78.95,94.708,28.59,288
vpt2_v4,VPT2 v4,convnext_xlarge.fb_in22k_ft_in1k_384,convnext,50.938,98.112,47.17399999999999,1.0150000000000006,0.1560000000000059,0.42886387376674995,0.07353910524340374,87.764,98.552,350.2,384
vpt2_v4,VPT2 v4,convnext_xxlarge.clip_laion2b_soup_ft_in1k,convnext,55.065,99.206,44.141000000000005,1.4840000000000018,0.4689999999999941,0.6102873640070452,0.21249366003613906,88.622,98.718,846.47,256
vpt2_v4,VPT2 v4,convnextv2_atto.fcmae_ft_in1k,convnextv2,50.26,97.774,47.514,0.5080000000000027,0.9369999999999976,0.20758345042148557,0.41687434824203395,76.644,93.042,3.71,224
vpt2_v4,VPT2 v4,convnextv2_base.fcmae_ft_in22k_in1k,convnextv2,52.266,98.125,45.859,0.625,0.07800000000000296,0.25515529040610196,0.03184336665618252,86.752,98.02,88.72,224
vpt2_v4,VPT2 v4,convnextv2_base.fcmae_ft_in22k_in1k_384,convnextv2,51.406,98.424,47.01800000000001,1.5629999999999953,0.39099999999999113,0.7189085863693326,0.16070746370000305,87.638,98.416,88.72,384
vpt2_v4,VPT2 v4,convnextv2_large.fcmae_ft_in1k,convnextv2,52.721,98.724,46.00300000000001,1.132000000000005,0.23400000000000887,0.4879189368008695,0.10236210236215743,85.762,97.574,197.96,224
vpt2_v4,VPT2 v4,convnextv2_large.fcmae_ft_in22k_in1k,convnextv2,51.484,97.448,45.96399999999999,1.2890000000000015,0.4679999999999893,0.5441166133182204,0.20472420472430403,87.266,98.24,197.96,224
vpt2_v4,VPT2 v4,convnextv2_large.fcmae_ft_in22k_in1k_384,convnextv2,50.99,97.851,46.861,0.3130000000000024,0.5079999999999956,0.12913128547679328,0.2092467974001552,88.18,98.52,197.96,384
vpt2_v4,VPT2 v4,convnextv2_nano.fcmae_ft_in22k_in1k,convnextv2,50.625,98.073,47.44799999999999,2.7349999999999994,0.9369999999999976,1.200839983789125,0.43280660294819245,82.038,96.174,15.62,224
vpt2_v4,VPT2 v4,convnextv2_tiny.fcmae_ft_in22k_in1k,convnextv2,49.714,97.838,48.123999999999995,3.8670000000000044,0.9369999999999976,1.7618933628974907,0.38298157774087266,83.904,96.964,28.64,224
vpt2_v4,VPT2 v4,crossvit_15_240.in1k,crossvit,50.807,96.146,45.339,2.2269999999999968,5.546999999999997,1.0319245235104266,2.5037481680250684,81.522,95.694,27.53,240
vpt2_v4,VPT2 v4,crossvit_18_240.in1k,crossvit,51.901,97.265,45.364,1.1330000000000027,1.328000000000003,0.4944215475347613,0.5669787375985901,82.39,96.064,43.27,240
vpt2_v4,VPT2 v4,crossvit_9_240.in1k,crossvit,52.617,98.307,45.690000000000005,1.6010000000000062,0.9770000000000039,0.7207682629589703,0.3989644929898748,73.994,91.976,8.55,240
vpt2_v4,VPT2 v4,crossvit_tiny_240.in1k,crossvit,51.94,98.568,46.628,2.4209999999999994,0.5080000000000098,1.0981976142753176,0.2170734642670317,73.352,91.906,7.01,240
vpt2_v4,VPT2 v4,davit_base.msft_in1k,davit,51.237,88.307,37.07,2.1090000000000018,11.679000000000002,0.9515660775794824,5.298506854660934,84.652,97.02,87.95,224
vpt2_v4,VPT2 v4,davit_small.msft_in1k,davit,50.247,97.89,47.643,0.3130000000000024,0.3130000000000024,0.1330321598545094,0.1392703206796856,84.252,96.942,49.75,224
vpt2_v4,VPT2 v4,davit_tiny.msft_in1k,davit,51.745,92.135,40.39000000000001,4.531000000000006,8.320000000000007,1.8825973193082677,3.8506537395904936,82.694,96.264,28.36,224
vpt2_v4,VPT2 v4,deit3_base_patch16_224.fb_in1k,deit3,51.706,97.682,45.976,1.2899999999999991,1.5630000000000024,0.5746919948014655,0.6423427606988527,83.8,96.584,86.59,224
vpt2_v4,VPT2 v4,deit3_base_patch16_224.fb_in22k_ft_in1k,deit3,50.807,98.164,47.357,0.6640000000000015,0.5069999999999908,0.28940436915998496,0.20881091925471354,85.728,97.746,86.59,224
vpt2_v4,VPT2 v4,deit3_huge_patch14_224.fb_in1k,deit3,50.052,94.687,44.635,3.280999999999999,5.780999999999992,1.4224361731433384,2.5829471969481297,85.204,97.364,632.13,224
vpt2_v4,VPT2 v4,deit3_large_patch16_224.fb_in1k,deit3,51.992,97.708,45.716,3.202999999999996,0.8199999999999932,1.3989183917107755,0.33489633553616827,84.772,97.048,304.37,224
vpt2_v4,VPT2 v4,deit3_medium_patch16_224.fb_in1k,deit3,50.235,97.878,47.643,0.7420000000000044,1.171999999999997,0.3329237483602262,0.4788200775517517,83.09,96.284,38.85,224
vpt2_v4,VPT2 v4,deit3_medium_patch16_224.fb_in22k_ft_in1k,deit3,50.339,97.852,47.513000000000005,2.7340000000000018,1.0150000000000006,1.2888199598426815,0.4288638737667482,84.55,97.18,38.85,224
vpt2_v4,VPT2 v4,deit3_small_patch16_224.fb_in1k,deit3,50.925,98.255,47.33,1.9139999999999944,0.4300000000000068,0.8757813019749201,0.18704960720503147,81.382,95.454,22.06,224
vpt2_v4,VPT2 v4,deit3_small_patch16_224.fb_in22k_ft_in1k,deit3,51.511,98.138,46.627,2.1099999999999994,1.1329999999999956,0.951835186480422,0.4882301369914241,83.082,96.774,22.06,224
vpt2_v4,VPT2 v4,deit_base_distilled_patch16_224.fb_in1k,deit,51.276,98.646,47.37,2.5390000000000015,0.11700000000000443,1.0482560119868942,0.04864154602806308,83.384,96.492,87.34,224
vpt2_v4,VPT2 v4,deit_base_patch16_224.fb_in1k,deit,51.563,98.203,46.64,1.524000000000001,1.0159999999999911,0.6514994670416511,0.42919770114326466,81.98,95.74,86.57,224
vpt2_v4,VPT2 v4,deit_base_patch16_384.fb_in1k,deit,51.471,97.227,45.75600000000001,2.1880000000000024,4.531000000000006,0.9465028027193357,2.1001302076035415,83.108,96.376,86.86,384
vpt2_v4,VPT2 v4,deit_small_distilled_patch16_224.fb_in1k,deit,51.745,98.19,46.445,1.6410000000000053,0.9379999999999882,0.7177624181363164,0.3938155236486525,81.204,95.378,22.44,224
vpt2_v4,VPT2 v4,deit_small_patch16_224.fb_in1k,deit,50.898,98.255,47.35699999999999,3.867999999999995,0.820999999999998,1.5793493034228419,0.35009236876382527,79.856,95.056,22.05,224
vpt2_v4,VPT2 v4,deit_tiny_distilled_patch16_224.fb_in1k,deit,50.326,98.893,48.567,3.828000000000003,0.07799999999998875,1.5758657585241493,0.036769552621695165,74.538,91.898,5.91,224
vpt2_v4,VPT2 v4,deit_tiny_patch16_224.fb_in1k,deit,50.573,97.656,47.083000000000006,2.5,1.600999999999999,1.1051094465657627,0.720768262958967,72.19,91.1,5.72,224
vpt2_v4,VPT2 v4,densenet121.ra_in1k,densenet121.ra,52.07,97.747,45.677,1.0940000000000012,0.07800000000000296,0.45001629600123055,0.03676955262170187,75.574,92.648,7.98,224
vpt2_v4,VPT2 v4,densenet121.tv_in1k,densenet121.tv,53.477,97.774,44.297000000000004,0.19599999999999795,0.39100000000000534,0.0845589866437748,0.16896219169454124,74.75,92.158,7.98,224
vpt2_v4,VPT2 v4,densenet161.tv_in1k,densenet161.tv,52.682,98.464,45.782,1.2890000000000015,0.3130000000000024,0.5263123280587937,0.12906415286808212,77.384,93.656,28.68,224
vpt2_v4,VPT2 v4,densenet169.tv_in1k,densenet169.tv,52.617,97.943,45.326,0.625,0.35200000000000387,0.26109810842329406,0.15735593058060787,75.922,92.976,14.15,224
vpt2_v4,VPT2 v4,densenet201.tv_in1k,densenet201.tv,52.318,97.969,45.650999999999996,1.0930000000000035,0.23499999999999943,0.46446839385354305,0.11078006238589218,77.284,93.48,20.01,224
vpt2_v4,VPT2 v4,densenetblur121d.ra_in1k,densenetblur121d.ra,52.057,97.474,45.417,2.2650000000000006,0.5069999999999908,0.9428277797255569,0.21675331600692702,76.574,93.188,8.0,224
vpt2_v4,VPT2 v4,dla102.in1k,dla102.in1k,51.315,95.847,44.532,0.546999999999997,0.8199999999999932,0.22408678874241625,0.34093629251746393,78.016,93.952,33.27,224
vpt2_v4,VPT2 v4,dla169.in1k,dla169.in1k,52.331,97.474,45.143,2.304000000000002,0.4679999999999893,0.9481945416890408,0.19194269978302994,78.702,94.334,53.39,224
vpt2_v4,VPT2 v4,dla34.in1k,dla34.in1k,52.682,91.354,38.672,0.3119999999999976,4.413999999999987,0.13257450735341186,1.8820586246625393,74.632,92.052,15.74,224
vpt2_v4,VPT2 v4,dla46_c.in1k,dla46,50.469,59.062,8.592999999999996,1.7579999999999956,16.21099999999999,0.7594811094132317,7.439101394359099,64.88,86.33,1.3,224
vpt2_v4,VPT2 v4,dla46x_c.in1k,dla46x,52.669,60.117,7.448,4.18,16.133000000000003,1.7094570938036306,6.634816701813749,66.008,86.946,1.07,224
vpt2_v4,VPT2 v4,dla60.in1k,dla60.in1k,51.784,92.63,40.846,1.2889999999999944,7.5,0.5263123280587908,3.3663869190704854,77.036,93.316,22.04,224
vpt2_v4,VPT2 v4,dla60x_c.in1k,dla60x,49.922,54.713,4.791000000000004,3.1640000000000015,3.125,1.291996990020574,1.2779072301575294,67.928,88.426,1.32,224
vpt2_v4,VPT2 v4,dpn107.mx_in1k,dpn107.mx,50.13,98.529,48.398999999999994,1.3670000000000044,0.19599999999999795,0.5617727891831968,0.09239528607504124,80.166,94.932,86.92,224
vpt2_v4,VPT2 v4,dpn131.mx_in1k,dpn131.mx,51.836,98.529,46.693,0.3119999999999976,0.6640000000000015,0.1273734666247243,0.27855500155066215,79.836,94.708,79.25,224
vpt2_v4,VPT2 v4,dpn68.mx_in1k,dpn68.mx,50.886,98.347,47.46099999999999,0.7809999999999988,0.8199999999999932,0.32098217326754347,0.35553277704812847,76.304,92.994,12.61,224
vpt2_v4,VPT2 v4,dpn68b.mx_in1k,dpn68b.mx,49.648,98.385,48.737,0.546999999999997,0.1570000000000107,0.2491750834698809,0.06674495403316655,77.494,93.834,12.61,224
vpt2_v4,VPT2 v4,dpn92.mx_in1k,dpn92.mx,48.919,98.594,49.675,0.07800000000000296,0.39000000000000057,0.03676955262170187,0.16849925815860417,80.032,94.876,37.67,224
vpt2_v4,VPT2 v4,dpn98.mx_in1k,dpn98.mx,51.498,98.503,47.005,2.2659999999999982,0.23499999999999943,0.9956603615468254,0.10282779563695774,79.664,94.644,61.57,224
vpt2_v4,VPT2 v4,eca_nfnet_l0.ra2_in1k,eca,52.487,94.844,42.35699999999999,1.171999999999997,7.5,0.4788200775517517,3.50828191569606,81.762,95.994,24.14,224
vpt2_v4,VPT2 v4,eca_nfnet_l1.ra2_in1k,eca,49.961,97.448,47.486999999999995,0.4680000000000035,0.5069999999999908,0.19886176103011965,0.2120235835938979,83.264,96.684,41.41,256
vpt2_v4,VPT2 v4,ecaresnet50t.a2_in1k,ecaresnet50t.a2,50.508,73.164,22.656,0.4299999999999997,10.546999999999997,0.177736384069841,4.407051496055939,80.884,95.022,25.57,224
vpt2_v4,VPT2 v4,edgenext_xx_small.in1k,edgenext,51.615,93.932,42.317,4.921999999999997,6.171999999999997,2.009743156613688,2.7895323781753967,71.132,90.042,1.33,256
vpt2_v4,VPT2 v4,efficientformer_l1.snap_dist_in1k,efficientformer,50.99,90.963,39.97299999999999,1.4849999999999994,8.515,0.6335804780943163,3.4786242810756223,80.502,94.992,12.29,224
vpt2_v4,VPT2 v4,efficientformer_l3.snap_dist_in1k,efficientformer,50.924,79.453,28.529000000000003,0.8590000000000018,13.75,0.35836139425011904,5.613684945440621,82.562,96.25,31.41,224
vpt2_v4,VPT2 v4,efficientformer_l7.snap_dist_in1k,efficientformer,50.964,83.242,32.278000000000006,1.679000000000002,19.688000000000002,0.7824578085892064,8.042338023789407,83.396,96.532,82.23,224
vpt2_v4,VPT2 v4,efficientformerv2_l.snap_dist_in1k,efficientformerv2,52.266,66.692,14.425999999999995,1.679000000000002,12.499999999999993,0.7497645556365613,5.64448972204062,83.642,96.546,26.32,224
vpt2_v4,VPT2 v4,efficientformerv2_s0.snap_dist_in1k,efficientformerv2,51.003,58.151,7.148000000000003,3.3200000000000003,3.4370000000000047,1.397464688482524,1.5439522876911291,76.102,92.85,3.6,224
vpt2_v4,VPT2 v4,efficientformerv2_s1.snap_dist_in1k,efficientformerv2,52.669,85.651,32.982,1.993000000000002,16.99199999999999,0.8751138338651854,7.5332066213532185,79.684,94.712,6.19,224
vpt2_v4,VPT2 v4,efficientformerv2_s2.snap_dist_in1k,efficientformerv2,52.487,56.393,3.905999999999999,1.328000000000003,4.765000000000001,0.6260252036104915,2.067347146035766,82.156,95.912,12.71,224
vpt2_v4,VPT2 v4,efficientnet_b0.ra_in1k,efficientnet,50.508,50.534,0.02599999999999625,2.0700000000000003,0.5859999999999985,0.8455161474244922,0.24356427397209823,77.698,93.538,5.29,224
vpt2_v4,VPT2 v4,efficientnet_b1.ft_in1k,efficientnet,53.307,50.404,-2.9029999999999987,0.7809999999999988,1.9139999999999944,0.3272657771428116,0.8256853045938376,77.592,93.636,7.79,224
vpt2_v4,VPT2 v4,efficientnet_b1.ra4_e3600_r240_in1k,efficientnet,50.169,52.774,2.605000000000004,2.071000000000005,7.382999999999996,0.8515633988272546,3.2008688750955643,80.404,95.152,7.79,240
vpt2_v4,VPT2 v4,efficientnet_b2.ra_in1k,efficientnet,49.271,51.68,2.408999999999999,3.320999999999998,2.226000000000006,1.5564234642281631,0.9091862051062809,79.324,94.582,9.11,256
vpt2_v4,VPT2 v4,efficientnet_b3.ra2_in1k,efficientnet,53.633,53.476,-0.15700000000000358,1.5629999999999953,0.625,0.6475967538179551,0.2780723327161872,81.472,95.696,12.23,288
vpt2_v4,VPT2 v4,efficientnet_b4.ra2_in1k,efficientnet,52.057,54.961,2.9039999999999964,1.1330000000000027,2.8129999999999953,0.4778509763049105,1.1694461177079594,82.658,96.134,19.34,320
vpt2_v4,VPT2 v4,efficientnet_es.ra_in1k,efficientnet,52.656,53.568,0.911999999999999,2.2659999999999982,2.225999999999999,0.9267333309354236,0.9471199618961804,78.1,93.928,5.44,224
vpt2_v4,VPT2 v4,efficientnet_es_pruned.in1k,efficientnet,51.589,59.57,7.981000000000002,1.4059999999999988,3.671999999999997,0.6028650116089179,1.639073179845514,75.01,92.438,5.44,224
vpt2_v4,VPT2 v4,efficientnet_lite0.ra_in1k,efficientnet,50.794,53.008,2.2140000000000057,4.961000000000006,0.39000000000000057,2.060174803802394,0.16849925815860417,75.488,92.508,4.65,224
vpt2_v4,VPT2 v4,efficientvit_b2.r256_in1k,efficientvit,51.927,86.484,34.556999999999995,1.2110000000000056,8.280999999999992,0.49855858900100103,3.6520633741610875,82.712,96.092,24.33,256
vpt2_v4,VPT2 v4,efficientvit_b2.r288_in1k,efficientvit,50.964,92.513,41.54900000000001,2.0319999999999965,5.311999999999998,0.9486064633040507,2.417217546408816,83.078,96.286,24.33,288
vpt2_v4,VPT2 v4,efficientvit_b3.r256_in1k,efficientvit,49.831,94.141,44.31,0.23399999999999466,4.453000000000003,0.10236210236215201,2.0215179665016323,83.782,96.498,48.65,256
vpt2_v4,VPT2 v4,efficientvit_m1.r224_in1k,efficientvit,49.935,52.826,2.8909999999999982,2.8909999999999982,0.546999999999997,1.319062040491904,0.2351826713193139,68.34,88.692,2.98,224
vpt2_v4,VPT2 v4,eva02_base_patch14_448.mim_in22k_ft_in1k,eva02,49.87,98.789,48.919000000000004,2.850999999999999,0.39000000000000057,1.1682999044195228,0.1592168332809068,88.262,98.57,87.12,448
vpt2_v4,VPT2 v4,eva02_base_patch14_448.mim_in22k_ft_in22k_in1k,eva02,51.849,98.698,46.849,4.609000000000002,0.3119999999999976,1.971655311322613,0.13257450735341092,88.678,98.726,87.12,448
vpt2_v4,VPT2 v4,eva02_large_patch14_448.mim_in22k_ft_in1k,eva02,52.851,80.924,28.073000000000008,2.3429999999999964,44.883,0.9581281519481372,19.41471463149078,89.634,98.954,305.08,448
vpt2_v4,VPT2 v4,eva02_large_patch14_448.mim_in22k_ft_in22k_in1k,eva02,53.451,99.088,45.63699999999999,1.9540000000000006,0.35200000000000387,0.8785781442510147,0.15094664252274476,89.956,99.014,305.08,448
vpt2_v4,VPT2 v4,eva02_large_patch14_448.mim_m38m_ft_in1k,eva02,51.771,87.735,35.964,0.703000000000003,34.766000000000005,0.28760196259568455,16.084976372033903,89.55,98.924,305.08,448
vpt2_v4,VPT2 v4,eva02_large_patch14_448.mim_m38m_ft_in22k_in1k,eva02,55.065,98.503,43.438,0.6639999999999944,0.8979999999999961,0.29634364436504196,0.3694476357422715,90.056,99.054,305.08,448
vpt2_v4,VPT2 v4,eva02_small_patch14_336.mim_in22k_ft_in1k,eva02,49.609,97.669,48.059999999999995,1.4069999999999965,3.0080000000000098,0.5770698012853851,1.2847523756221186,85.77,97.616,22.13,336
vpt2_v4,VPT2 v4,eva_large_patch14_196.in22k_ft_in1k,eva,50.742,99.245,48.50300000000001,1.4840000000000018,0.5080000000000098,0.6058404630483735,0.20760432451073166,87.952,98.49,304.14,196
vpt2_v4,VPT2 v4,eva_large_patch14_196.in22k_ft_in22k_in1k,eva,51.979,99.388,47.409000000000006,1.7190000000000012,0.39000000000000057,0.7925995205650833,0.17537958832201653,88.59,98.662,304.14,196
vpt2_v4,VPT2 v4,eva_large_patch14_336.in22k_ft_in1k,eva,51.302,92.617,41.315000000000005,2.0700000000000003,20.311999999999998,0.8920526890268308,9.556836901169525,88.68,98.714,304.53,336
vpt2_v4,VPT2 v4,eva_large_patch14_336.in22k_ft_in22k_in1k,eva,52.083,99.271,47.188,0.2739999999999938,0.03900000000000148,0.11225665038453173,0.018384776310850934,89.238,98.848,304.53,336
vpt2_v4,VPT2 v4,fasternet_t2.in1k,fasternet,53.242,97.76,44.51800000000001,1.7190000000000012,0.23499999999999943,0.7761919865600256,0.09772864927383902,78.738,94.332,14.98,224
vpt2_v4,VPT2 v4,fastvit_sa36.apple_dist_in1k,fastvit,52.63,96.615,43.98499999999999,2.421999999999997,3.5940000000000083,0.9996562742596402,1.6416435531367852,84.028,96.85,31.53,256
vpt2_v4,VPT2 v4,fastvit_t8.apple_dist_in1k,fastvit,52.149,80.833,28.683999999999997,2.1099999999999994,13.399000000000001,0.9229522679363703,5.617904730017728,77.17,93.274,4.03,256
vpt2_v4,VPT2 v4,focalnet_base_lrf.ms_in1k,focalnet,50.534,98.307,47.773,0.5850000000000009,0.1559999999999917,0.2593491854623812,0.06628725367670221,83.828,96.61,88.75,224
vpt2_v4,VPT2 v4,focalnet_base_srf.ms_in1k,focalnet,50.742,95.052,44.31000000000001,1.0940000000000012,9.64800000000001,0.4600442007749556,4.538946353505408,83.808,96.66,88.15,224
vpt2_v4,VPT2 v4,focalnet_small_lrf.ms_in1k,focalnet,52.357,98.203,45.846000000000004,1.0930000000000035,0.3509999999999991,0.48269544113124735,0.14592463808418418,83.508,96.586,50.34,224
vpt2_v4,VPT2 v4,focalnet_small_srf.ms_in1k,focalnet,51.419,96.836,45.417,3.007000000000005,1.9140000000000015,1.2563137435458656,0.8844568955014145,83.428,96.432,49.89,224
vpt2_v4,VPT2 v4,focalnet_tiny_lrf.ms_in1k,focalnet,51.315,98.112,46.797,1.9140000000000015,0.8990000000000009,0.8932177785960156,0.38598013765823136,82.174,95.948,28.65,224
vpt2_v4,VPT2 v4,focalnet_tiny_srf.ms_in1k,focalnet,52.005,98.008,46.00299999999999,4.531000000000006,0.5080000000000098,1.9252721019810877,0.2092467974001605,82.146,95.972,28.43,224
vpt2_v4,VPT2 v4,ghostnet_100.in1k,ghostnet,50.821,69.675,18.854,1.4059999999999988,19.452999999999996,0.6370109017033294,7.970834014636665,73.958,91.542,5.18,224
vpt2_v4,VPT2 v4,ghostnetv2_100.in1k,ghostnetv2,50.703,58.099,7.395999999999994,2.8119999999999976,6.133000000000003,1.1599245186170035,2.7183547720389027,75.186,92.334,6.16,224
vpt2_v4,VPT2 v4,ghostnetv2_130.in1k,ghostnetv2,51.589,58.776,7.187000000000005,3.3590000000000018,3.3980000000000032,1.507542002363081,1.4163363536486204,76.746,93.364,8.96,224
vpt2_v4,VPT2 v4,hardcorenas_b.miil_green_in1k,hardcorenas,50.547,51.237,0.6900000000000048,2.5,1.4450000000000003,1.073221112145841,0.6331008345174305,76.55,92.766,5.18,224
vpt2_v4,VPT2 v4,hardcorenas_f.miil_green_in1k,hardcorenas,50.287,51.654,1.3670000000000044,5.078000000000003,0.9379999999999953,2.1158642573557405,0.4103797699150799,78.1,93.8,8.2,224
vpt2_v4,VPT2 v4,hgnet_small.ssld_in1k,hgnet,52.812,97.956,45.144000000000005,2.3830000000000027,0.5859999999999985,1.1054309365833566,0.24779740829063338,83.818,96.846,24.36,224
vpt2_v4,VPT2 v4,hgnetv2_b0.ssld_stage1_in22k_in1k,hgnetv2,51.55,79.688,28.138000000000005,1.1330000000000027,13.085999999999999,0.4735696593134145,5.368085588819247,76.868,93.62,6.0,224
vpt2_v4,VPT2 v4,hrnet_w18.ms_aug_in1k,hrnet,54.336,98.698,44.361999999999995,1.0159999999999982,0.1560000000000059,0.4465654114087504,0.06628725367670872,78.11,94.062,21.3,224
vpt2_v4,VPT2 v4,hrnet_w18.ms_in1k,hrnet,52.513,98.425,45.912,4.024000000000001,0.39099999999999113,1.7036093057584147,0.16385833990235157,76.77,93.448,21.3,224
vpt2_v4,VPT2 v4,hrnet_w18_small.ms_in1k,hrnet,50.716,97.682,46.966,0.23400000000000176,0.4690000000000083,0.097283092056123,0.19237174659728526,72.34,90.688,13.19,224
vpt2_v4,VPT2 v4,hrnet_w18_small_v2.ms_in1k,hrnet,52.89,97.956,45.066,0.625,0.6639999999999873,0.26109810842329406,0.27490644873402387,75.094,92.414,15.6,224
vpt2_v4,VPT2 v4,hrnet_w30.ms_in1k,hrnet,52.136,98.529,46.392999999999994,0.8980000000000032,0.35200000000000387,0.3856650821056486,0.14398225199269968,78.202,94.22,37.71,224
vpt2_v4,VPT2 v4,hrnet_w32.ms_in1k,hrnet,53.073,98.359,45.285999999999994,1.5230000000000032,0.546999999999997,0.6568776310868131,0.2233119392737918,78.452,94.184,41.23,224
vpt2_v4,VPT2 v4,hrnet_w40.ms_in1k,hrnet,52.839,98.711,45.872,0.7419999999999973,0.7040000000000077,0.34978215442694427,0.29265110057313765,78.928,94.48,57.56,224
vpt2_v4,VPT2 v4,hrnet_w44.ms_in1k,hrnet,53.151,98.828,45.677,0.5460000000000065,0.07800000000000296,0.2259159135607788,0.03184336665618252,78.89,94.376,67.06,224
vpt2_v4,VPT2 v4,hrnet_w48.ms_in1k,hrnet,53.229,98.737,45.507999999999996,0.5470000000000041,0.1560000000000059,0.241401923954408,0.06628725367670872,79.328,94.516,77.47,224
vpt2_v4,VPT2 v4,inception_v3.tf_in1k,inception,51.445,95.846,44.401,1.3279999999999959,1.25,0.553356023631158,0.5116333322474864,77.866,93.644,23.83,299
vpt2_v4,VPT2 v4,inception_v3.tv_in1k,inception,50.208,95.99,45.782,1.25,1.0150000000000006,0.5892556509887896,0.414790174532726,77.472,93.468,23.83,299
vpt2_v4,VPT2 v4,lcnet_100.ra2_in1k,lcnet,49.935,51.25,1.3149999999999977,0.820999999999998,3.477000000000004,0.3558379781117614,1.4197471605888157,72.13,90.376,2.95,224
vpt2_v4,VPT2 v4,legacy_seresnet18.in1k,legacy,52.487,97.969,45.48199999999999,1.9140000000000015,0.39100000000000534,0.9022682527940353,0.1596252555901569,71.742,90.34,11.78,224
vpt2_v4,VPT2 v4,legacy_seresnet34.in1k,legacy,51.159,98.034,46.87500000000001,0.625,0.1560000000000059,0.257824660487618,0.06628725367670872,74.788,92.134,21.96,224
vpt2_v4,VPT2 v4,levit_128.fb_dist_in1k,levit,51.341,51.953,0.6120000000000019,1.953000000000003,0.8599999999999994,0.8026175234125473,0.36801449246825413,78.486,93.998,9.21,224
vpt2_v4,VPT2 v4,levit_128s.fb_dist_in1k,levit,49.219,50.638,1.418999999999997,3.5930000000000035,0.546999999999997,1.587804004137651,0.24158136425551255,76.52,92.87,7.78,224
vpt2_v4,VPT2 v4,levit_192.fb_dist_in1k,levit,51.758,51.797,0.03899999999999437,1.679000000000002,1.6799999999999997,0.7291603999730724,0.7502332970483246,79.858,94.808,10.95,224
vpt2_v4,VPT2 v4,levit_256.fb_dist_in1k,levit,51.107,50.794,-0.3130000000000024,2.304000000000002,0.5080000000000027,0.9535356428693287,0.20760432451072883,81.506,95.466,18.89,224
vpt2_v4,VPT2 v4,levit_384.fb_dist_in1k,levit,51.797,51.55,-0.2469999999999999,1.9919999999999973,1.5629999999999953,0.8358825010463814,0.6447130283225913,82.6,96.02,39.13,224
vpt2_v4,VPT2 v4,maxvit_base_tf_224.in1k,maxvit,52.969,74.115,21.145999999999994,1.1330000000000027,8.86699999999999,0.4826599907457296,3.77166420680432,84.884,97.002,119.47,224
vpt2_v4,VPT2 v4,maxvit_base_tf_384.in21k_ft_in1k,maxvit,50.755,66.432,15.677,1.7190000000000012,7.539000000000009,0.7027537896652635,3.5177256857236654,87.93,98.546,119.65,384
vpt2_v4,VPT2 v4,maxvit_large_tf_224.in1k,maxvit,51.536,77.135,25.599000000000004,1.757000000000005,10.117000000000004,0.8104987490565454,4.173378514132433,84.938,96.98,211.79,224
vpt2_v4,VPT2 v4,maxvit_large_tf_384.in1k,maxvit,52.331,80.273,27.941999999999993,1.953000000000003,9.84299999999999,0.8226146661036929,4.346703144018716,86.242,97.684,212.03,384
vpt2_v4,VPT2 v4,maxvit_large_tf_384.in21k_ft_in1k,maxvit,51.875,68.386,16.510999999999996,3.280999999999999,5.155999999999992,1.5466782327153743,2.1716323097819474,87.994,98.576,212.03,384
vpt2_v4,VPT2 v4,maxvit_large_tf_512.in21k_ft_in1k,maxvit,51.328,68.125,16.796999999999997,0.6639999999999944,7.069999999999993,0.3042371151293368,3.287831943528878,88.236,98.608,212.33,512
vpt2_v4,VPT2 v4,maxvit_rmlp_base_rw_224.sw_in12k_ft_in1k,maxvit,50.469,79.036,28.567,1.4059999999999988,43.633,0.66279475623219,18.909041476382548,86.908,98.004,116.14,224
vpt2_v4,VPT2 v4,maxvit_rmlp_small_rw_224.sw_in1k,maxvit,50.508,53.88,3.372,3.202999999999996,1.7190000000000012,1.3122835906244572,0.7170738378220823,84.488,96.772,64.9,224
vpt2_v4,VPT2 v4,maxvit_rmlp_tiny_rw_256.sw_in1k,maxvit,52.878,85.39,32.512,3.4769999999999968,7.38300000000001,1.4281069832318416,3.2602879559259144,84.226,96.782,29.15,256
vpt2_v4,VPT2 v4,maxvit_small_tf_224.in1k,maxvit,51.029,69.075,18.046,1.4450000000000003,9.101999999999997,0.6019946474475959,3.8173821163491364,84.452,96.824,68.93,224
vpt2_v4,VPT2 v4,maxvit_tiny_rw_224.sw_in1k,maxvit,50.859,52.825,1.966000000000001,0.8200000000000003,4.296999999999997,0.3358782848327983,1.7730588133379985,83.522,96.488,29.06,224
vpt2_v4,VPT2 v4,maxvit_tiny_tf_224.in1k,maxvit,53.295,77.123,23.828000000000003,1.8359999999999985,14.88300000000001,0.7657089670509426,6.254165669553554,83.426,96.584,30.92,224
vpt2_v4,VPT2 v4,maxvit_tiny_tf_512.in1k,maxvit,51.289,86.575,35.286,3.0080000000000027,7.225999999999999,1.2650931454508278,3.082291067083415,85.658,97.592,31.05,512
vpt2_v4,VPT2 v4,maxxvitv2_rmlp_base_rw_384.sw_in12k_ft_in1k,maxxvitv2,52.93,82.083,29.153,1.054000000000002,47.5,0.43821937682195494,22.300126462023087,87.48,98.376,116.09,384
vpt2_v4,VPT2 v4,mixer_b16_224.goog_in21k_ft_in1k,mixer,52.383,99.414,47.031,2.968999999999994,0.11700000000000443,1.3559769745668795,0.055154328932552794,76.616,92.25,59.88,224
vpt2_v4,VPT2 v4,mixnet_l.ft_in1k,mixnet,50.69,51.12,0.4299999999999997,0.7420000000000044,1.875,0.3194258738563461,0.8202938497879882,78.97,94.18,7.33,224
vpt2_v4,VPT2 v4,mixnet_m.ft_in1k,mixnet,49.649,51.575,1.926000000000002,1.6019999999999968,1.25,0.6592553037750654,0.5264030986062129,77.268,93.418,5.01,224
vpt2_v4,VPT2 v4,mixnet_s.ft_in1k,mixnet,50.989,51.432,0.44300000000000495,1.5230000000000032,0.5080000000000027,0.7002886706367764,0.20758345042148557,76.0,92.796,4.13,224
vpt2_v4,VPT2 v4,mixnet_xl.ra_in1k,mixnet,49.479,48.607,-0.8719999999999999,1.9919999999999973,1.9529999999999959,0.8157537754875673,0.8076659100285338,80.494,94.938,11.9,224
vpt2_v4,VPT2 v4,mnasnet_100.rmsp_in1k,mnasnet,51.849,54.635,2.7860000000000014,1.4839999999999947,5.5859999999999985,0.681923423527564,2.311447213808315,74.672,92.108,4.38,224
vpt2_v4,VPT2 v4,mnasnet_small.lamb_in1k,mnasnet,51.029,56.458,5.428999999999995,1.1330000000000027,0.03900000000000148,0.494588268720111,0.018384776310850934,66.204,86.47,2.03,224
vpt2_v4,VPT2 v4,mobilenetv2_050.lamb_in1k,mobilenetv2,51.068,48.555,-2.512999999999998,0.625,2.1099999999999994,0.2656066431565455,0.8772404966079074,65.928,86.114,1.97,224
vpt2_v4,VPT2 v4,mobilenetv2_100.ra_in1k,mobilenetv2,51.888,50.846,-1.0420000000000016,0.7039999999999935,1.0929999999999964,0.2879942129048172,0.44660372690886446,72.91,91.0,3.5,224
vpt2_v4,VPT2 v4,mobilenetv2_110d.ra_in1k,mobilenetv2,51.914,54.44,2.5259999999999962,1.718999999999994,3.280999999999999,0.7104319499822287,1.3456533316158688,75.056,92.186,4.52,224
vpt2_v4,VPT2 v4,mobilenetv2_120d.ra_in1k,mobilenetv2,52.695,54.961,2.2659999999999982,2.772999999999996,3.0859999999999985,1.2720304853090398,1.2625831545772424,77.3,93.516,5.83,224
vpt2_v4,VPT2 v4,mobilenetv2_140.ra_in1k,mobilenetv2,50.95,54.284,3.333999999999996,1.131999999999998,1.9919999999999973,0.4666278555289585,0.921203560566284,76.528,93.008,6.11,224
vpt2_v4,VPT2 v4,mobilenetv3_large_100.miil_in21k_ft_in1k,mobilenetv3,49.726,51.758,2.0320000000000036,1.796999999999997,0.35199999999999676,0.7661446048596529,0.16593439131844162,77.92,92.894,5.48,224
vpt2_v4,VPT2 v4,mobilenetv3_large_100.ra_in1k,mobilenetv3,48.385,51.393,3.0080000000000027,1.875,0.820999999999998,0.8414987951400899,0.3781660423088707,75.784,92.528,5.48,224
vpt2_v4,VPT2 v4,mobilenetv3_rw.rmsp_in1k,mobilenetv3,49.766,51.289,1.5230000000000032,0.625,1.4839999999999947,0.26099851000000357,0.6905554929829225,75.616,92.696,5.48,224
vpt2_v4,VPT2 v4,mobilenetv3_small_100.lamb_in1k,mobilenetv3,51.341,58.789,7.448,2.422000000000004,7.695,1.0173633678397436,3.2710239986890963,67.636,87.638,2.54,224
vpt2_v4,VPT2 v4,mobilenetv4_conv_medium.e250_r384_in12k_ft_in1k,mobilenetv4,52.643,96.432,43.789,0.42899999999999494,2.6559999999999917,0.18658510122729352,1.1780663063776222,82.776,96.448,9.72,384
vpt2_v4,VPT2 v4,mobilenetv4_conv_small_050.e3000_r224_in1k,mobilenetv4,50.664,50.911,0.2469999999999999,3.6330000000000027,1.7959999999999994,1.613469209154266,0.8123732037815022,64.778,85.5,2.24,224
vpt2_v4,VPT2 v4,mobileone_s2.apple_in1k,mobileone,51.276,96.589,45.312999999999995,1.171999999999997,0.04000000000000625,0.5435269593640721,0.018856180831644215,77.504,93.664,7.88,224
vpt2_v4,VPT2 v4,mobileone_s4.apple_in1k,mobileone,50.742,86.458,35.716,2.578000000000003,4.922000000000011,1.1213686082442105,2.166642256272753,79.446,94.49,14.95,224
vpt2_v4,VPT2 v4,mobilevit_xs.cvnets_in1k,mobilevit,51.211,64.414,13.203000000000003,1.25,15.273999999999994,0.5103103630798288,6.249336818148517,74.618,92.35,2.32,256
vpt2_v4,VPT2 v4,mobilevit_xxs.cvnets_in1k,mobilevit,51.862,58.229,6.366999999999997,7.147999999999996,3.9839999999999947,2.9233948682235087,1.7853749061627215,68.936,88.942,1.27,256
vpt2_v4,VPT2 v4,mobilevitv2_050.cvnets_in1k,mobilevitv2,50.196,52.148,1.9520000000000053,1.25,3.0079999999999956,0.5561446654323744,1.3355850985824713,70.156,89.93,1.37,256
vpt2_v4,VPT2 v4,mobilevitv2_200.cvnets_in1k,mobilevitv2,50.729,82.174,31.445000000000007,1.5620000000000047,8.397999999999996,0.6379487962733914,3.7426270927726075,81.148,95.38,18.45,256
vpt2_v4,VPT2 v4,mvitv2_base.fb_in1k,mvitv2,51.706,95.651,43.94499999999999,1.0940000000000012,7.069999999999993,0.4559853798825866,3.3328299619925907,84.424,96.864,51.47,224
vpt2_v4,VPT2 v4,mvitv2_large.fb_in1k,mvitv2,50.443,86.432,35.989000000000004,1.0549999999999997,22.304000000000002,0.4470990444583337,10.101309497067971,85.264,97.188,217.99,224
vpt2_v4,VPT2 v4,mvitv2_small.fb_in1k,mvitv2,53.346,97.865,44.519,3.75,1.6019999999999897,1.6339043899676489,0.661820385166713,83.772,96.558,34.87,224
vpt2_v4,VPT2 v4,mvitv2_tiny.fb_in1k,mvitv2,52.135,81.979,29.844,0.4690000000000012,36.64,0.19237174659728254,15.366151263952425,82.408,96.15,24.17,224
vpt2_v4,VPT2 v4,pit_b_224.in1k,pit,51.589,80.156,28.567000000000007,1.524000000000001,29.452999999999996,0.6633376884279147,12.969683136710268,82.458,95.704,73.76,224
vpt2_v4,VPT2 v4,pit_b_distilled_224.in1k,pit,53.112,96.198,43.08599999999999,1.4839999999999947,5.038999999999987,0.6736825826917449,2.0645640379185735,83.774,96.468,74.79,224
vpt2_v4,VPT2 v4,pit_s_224.in1k,pit,51.666,87.799,36.13300000000001,1.796999999999997,28.867000000000004,0.7563651381589589,13.49884790968803,81.114,95.336,23.46,224
vpt2_v4,VPT2 v4,pit_s_distilled_224.in1k,pit,49.193,97.331,48.138000000000005,2.422000000000004,0.1559999999999917,0.9997257401685518,0.06628725367670221,81.826,95.72,24.04,224
vpt2_v4,VPT2 v4,pit_ti_224.in1k,pit,50.885,59.362,8.477000000000004,1.131999999999998,6.992000000000004,0.46222385149285417,3.04450557927264,72.926,91.412,4.85,224
vpt2_v4,VPT2 v4,pit_ti_distilled_224.in1k,pit,50.052,94.349,44.297000000000004,0.9369999999999976,5.625,0.40991408313883876,2.335131259693981,74.276,91.92,5.1,224
vpt2_v4,VPT2 v4,pit_xs_224.in1k,pit,51.797,85.872,34.075,1.953000000000003,12.343000000000004,0.7973089461153421,5.334113880382469,78.196,94.156,10.62,224
vpt2_v4,VPT2 v4,pit_xs_distilled_224.in1k,pit,50.026,96.289,46.263,2.4610000000000056,2.8130000000000024,1.1012400081524285,1.2117890355448302,79.172,94.35,11.0,224
vpt2_v4,VPT2 v4,poolformer_m36.sail_in1k,poolformer,50.547,92.917,42.370000000000005,1.328000000000003,8.789000000000001,0.553261842771276,3.616373167814529,82.104,95.698,56.17,224
vpt2_v4,VPT2 v4,poolformer_m48.sail_in1k,poolformer,51.706,94.583,42.876999999999995,1.2109999999999985,1.6399999999999864,0.49447413144336083,0.73148631034505,82.462,95.968,73.47,224
vpt2_v4,VPT2 v4,poolformer_s12.sail_in1k,poolformer,52.5,96.875,44.375,0.820999999999998,1.0550000000000068,0.3363044255829325,0.45223518954927394,77.238,93.538,11.92,224
vpt2_v4,VPT2 v4,poolformer_s24.sail_in1k,poolformer,54.154,94.388,40.234,3.9450000000000003,7.225999999999999,1.6724673057757782,3.3265072774107467,80.294,95.06,21.39,224
vpt2_v4,VPT2 v4,poolformer_s36.sail_in1k,poolformer,52.591,92.239,39.648,2.850999999999999,11.913999999999987,1.2076904496692105,5.458165401996857,81.428,95.442,30.86,224
vpt2_v4,VPT2 v4,poolformerv2_m36.sail_in1k,poolformerv2,50.859,98.229,47.37,1.9919999999999973,0.27299999999999613,0.8137060621351876,0.12869343417594983,82.214,95.896,56.08,224
vpt2_v4,VPT2 v4,poolformerv2_s12.sail_in1k,poolformerv2,54.805,98.021,43.216,2.7340000000000018,0.1559999999999917,1.164309618996979,0.06628725367670221,78.008,93.864,11.89,224
vpt2_v4,VPT2 v4,poolformerv2_s24.sail_in1k,poolformerv2,52.643,98.333,45.69,0.703000000000003,0.4689999999999941,0.28931451551709186,0.19501168056184306,80.746,95.318,21.34,224
vpt2_v4,VPT2 v4,poolformerv2_s36.sail_in1k,poolformerv2,52.2,98.49,46.28999999999999,3.2819999999999965,0.19599999999999795,1.3997240997980824,0.08051638894590767,81.576,95.68,30.79,224
vpt2_v4,VPT2 v4,pvt_v2_b0.in1k,pvt,52.5,97.357,44.857,4.3359999999999985,0.1559999999999917,1.846284015710114,0.07353910524339703,70.654,90.206,3.67,224
vpt2_v4,VPT2 v4,pvt_v2_b1.in1k,pvt,53.398,98.294,44.895999999999994,0.8979999999999961,0.3130000000000024,0.3758779352691791,0.1330321598545094,78.698,94.49,14.01,224
vpt2_v4,VPT2 v4,pvt_v2_b2.in1k,pvt,54.128,98.555,44.42700000000001,3.2419999999999973,0.546999999999997,1.452646856221045,0.2491750834698794,82.062,95.966,25.36,224
vpt2_v4,VPT2 v4,pvt_v2_b2_li.in1k,pvt,51.003,97.942,46.93899999999999,3.906000000000006,0.39100000000000534,1.5963344121942504,0.1843191676292959,82.2,96.108,22.55,224
vpt2_v4,VPT2 v4,pvt_v2_b3.in1k,pvt,54.219,98.594,44.37499999999999,2.772999999999996,0.11699999999999022,1.1590612101562567,0.0551543289325461,83.12,96.56,45.24,224
vpt2_v4,VPT2 v4,pvt_v2_b4.in1k,pvt,52.917,98.255,45.337999999999994,1.0549999999999997,0.703000000000003,0.4800043981279994,0.3225981332177176,83.71,96.672,62.56,224
vpt2_v4,VPT2 v4,pvt_v2_b5.in1k,pvt,53.151,98.373,45.222,0.7039999999999935,0.5859999999999985,0.2897493169390831,0.24365321440294782,83.76,96.634,81.96,224
vpt2_v4,VPT2 v4,regnetx_002.pycls_in1k,regnetx,49.609,86.536,36.927,3.9450000000000003,2.9690000000000083,1.6296233375299405,1.3643177375116458,68.758,88.568,2.68,224
vpt2_v4,VPT2 v4,regnetx_004.pycls_in1k,regnetx,49.649,92.096,42.447,1.953000000000003,1.4849999999999994,0.8437307364056131,0.6335804780943154,72.482,90.84,5.16,224
vpt2_v4,VPT2 v4,regnetx_004_tv.tv2_in1k,regnetx,52.214,88.021,35.807,4.844000000000001,7.813000000000002,1.9993819600622151,3.4613189201035297,74.596,92.14,5.5,224
vpt2_v4,VPT2 v4,regnetx_008.pycls_in1k,regnetx,53.36,93.359,39.998999999999995,0.4299999999999997,4.805000000000007,0.19416545063996854,2.187066579284279,75.054,92.338,7.26,224
vpt2_v4,VPT2 v4,regnetx_008.tv2_in1k,regnetx,52.279,93.151,40.87199999999999,2.4609999999999985,7.266000000000005,1.0798303364675188,2.973249886721414,77.294,93.664,7.26,224
vpt2_v4,VPT2 v4,regnetx_016.pycls_in1k,regnetx,51.641,97.604,45.963,1.0930000000000035,0.820999999999998,0.4759876282239106,0.3412926408035573,76.936,93.432,9.19,224
vpt2_v4,VPT2 v4,regnetx_016.tv2_in1k,regnetx,54.505,97.708,43.202999999999996,1.3669999999999973,0.1559999999999917,0.5581511145439606,0.07353910524339703,79.44,94.768,9.19,224
vpt2_v4,VPT2 v4,regnetx_032.pycls_in1k,regnetx,51.693,98.19,46.497,2.030999999999999,0.1950000000000074,0.8293613339324551,0.08013738203859973,78.16,94.088,15.3,224
vpt2_v4,VPT2 v4,regnety_002.pycls_in1k,regnety,51.55,66.315,14.765,2.343999999999994,9.648000000000003,0.9745235873093157,3.9568373734587587,70.288,89.544,3.16,224
vpt2_v4,VPT2 v4,regnety_004.pycls_in1k,regnety,52.513,79.74,27.226999999999997,3.7889999999999944,2.1480000000000103,1.5547263424795996,0.8827549049550669,74.004,91.756,4.34,224
vpt2_v4,VPT2 v4,regnety_004.tv2_in1k,regnety,52.135,84.18,32.04500000000001,1.7190000000000012,21.836,0.7135238063458166,9.81858862905798,75.594,92.706,4.34,224
vpt2_v4,VPT2 v4,regnety_006.pycls_in1k,regnety,52.304,82.474,30.17,3.6329999999999956,0.9770000000000039,1.5259895878485594,0.4014980282226399,75.274,92.532,6.06,224
vpt2_v4,VPT2 v4,regnety_008.pycls_in1k,regnety,51.771,84.752,32.980999999999995,0.546999999999997,15.233999999999995,0.2351826713193139,6.323187504907805,76.334,93.06,6.26,224
vpt2_v4,VPT2 v4,regnety_008_tv.tv2_in1k,regnety,52.357,83.138,30.781000000000006,0.8990000000000009,15.234000000000009,0.3859801376582303,6.4757608047240325,78.672,94.38,6.43,224
vpt2_v4,VPT2 v4,regnety_016.pycls_in1k,regnety,50.065,95.456,45.391000000000005,5.312999999999995,3.046999999999997,2.22943535452365,1.27032970348471,77.88,93.726,11.2,224
vpt2_v4,VPT2 v4,regnety_016.tv2_in1k,regnety,52.279,97.266,44.987,0.6640000000000015,0.19599999999999795,0.28940436915998496,0.0847125859729379,80.668,95.336,11.2,224
vpt2_v4,VPT2 v4,regnety_032.pycls_in1k,regnety,51.745,92.07,40.324999999999996,1.6400000000000006,6.2890000000000015,0.7553901126055474,2.610093782904276,78.902,94.426,19.44,224
vpt2_v4,VPT2 v4,regnety_040.ra3_in1k,regnety,52.174,95.287,43.11300000000001,2.0700000000000003,3.75,0.8511299678793024,1.6539823322984915,82.308,96.078,20.65,224
vpt2_v4,VPT2 v4,regnety_080.ra3_in1k,regnety,50.886,92.005,41.11899999999999,1.4840000000000018,5.079000000000008,0.6995643088538919,2.083354719890231,83.166,96.48,39.18,224
vpt2_v4,VPT2 v4,regnety_120.sw_in12k_ft_in1k,regnety,53.659,98.399,44.74,1.9149999999999991,0.625,0.788307469625061,0.26109810842329473,84.994,97.412,51.82,224
vpt2_v4,VPT2 v4,regnety_160.lion_in12k_ft_in1k,regnety,54.479,98.476,43.997,0.11699999999999733,0.5079999999999956,0.048641546028059916,0.2233701462197269,85.602,97.668,83.59,224
vpt2_v4,VPT2 v4,regnety_320.swag_ft_in1k,regnety,53.138,97.956,44.818000000000005,0.9380000000000024,0.39100000000000534,0.3846981500692036,0.1756518020276365,86.83,98.362,145.05,384
vpt2_v4,VPT2 v4,regnety_320.tv2_in1k,regnety,52.136,97.552,45.416000000000004,0.625,0.3119999999999976,0.2578246604876185,0.12869343417595125,83.17,96.416,145.05,224
vpt2_v4,VPT2 v4,regnetz_d32.ra3_in1k,regnetz,50.755,95.208,44.452999999999996,1.5229999999999961,3.0859999999999985,0.6250829278317115,1.2606837650876426,83.432,96.634,27.58,256
vpt2_v4,VPT2 v4,repghostnet_050.in1k,repghostnet,49.74,73.919,24.178999999999995,2.1880000000000024,24.063000000000002,0.9661457216981074,10.15163311437568,66.978,86.936,2.31,224
vpt2_v4,VPT2 v4,repghostnet_058.in1k,repghostnet,48.398,64.362,15.963999999999992,2.421999999999997,10.859000000000002,1.0831442911983384,4.616778602734452,68.938,88.386,2.55,224
vpt2_v4,VPT2 v4,repvgg_a0.rvgg_in1k,repvgg,50.144,97.656,47.51200000000001,1.25,0.8199999999999932,0.5637057940293171,0.335878284832795,72.426,90.506,9.11,224
vpt2_v4,VPT2 v4,repvgg_a1.rvgg_in1k,repvgg,53.308,97.891,44.583000000000006,0.625,0.8199999999999932,0.2946278254943948,0.335878284832795,74.474,91.852,14.09,224
vpt2_v4,VPT2 v4,repvgg_a2.rvgg_in1k,repvgg,54.688,98.203,43.515,0.7029999999999959,0.4690000000000083,0.3075519829593386,0.19146859330507318,76.488,93.016,28.21,224
vpt2_v4,VPT2 v4,repvgg_b0.rvgg_in1k,repvgg,53.906,97.995,44.089000000000006,0.820999999999998,0.03900000000000148,0.38702311156943603,0.018384776310850934,75.158,92.41,15.82,224
vpt2_v4,VPT2 v4,repvgg_b1.rvgg_in1k,repvgg,54.974,98.021,43.047000000000004,0.6640000000000015,0.23399999999999466,0.29634364436504396,0.1023621023621532,78.37,94.106,57.42,224
vpt2_v4,VPT2 v4,repvgg_b1g4.rvgg_in1k,repvgg,55.169,97.812,42.643,0.35199999999999676,0.3129999999999882,0.15754858157265328,0.1277819322996056,77.608,93.846,39.97,224
vpt2_v4,VPT2 v4,repvgg_b2.rvgg_in1k,repvgg,54.714,98.255,43.541,1.1710000000000065,0.27299999999999613,0.47948884820771176,0.11183022847155233,78.788,94.414,89.02,224
vpt2_v4,VPT2 v4,repvgg_b2g4.rvgg_in1k,repvgg,55.573,98.503,42.93,0.7819999999999965,0.3130000000000024,0.3442131122817173,0.13303215985451128,79.396,94.68,61.76,224
vpt2_v4,VPT2 v4,repvgg_b3g4.rvgg_in1k,repvgg,55.416,98.307,42.891000000000005,0.703000000000003,0.23499999999999943,0.2963290213409575,0.09772864927383774,80.224,95.1,83.83,224
vpt2_v4,VPT2 v4,repvgg_d2se.rvgg_in1k,repvgg,55.143,98.294,43.150999999999996,2.0700000000000003,0.35200000000000387,0.8511299678793024,0.14401234514983768,83.55,96.666,133.33,320
vpt2_v4,VPT2 v4,repvit_m1_0.dist_450e_in1k,repvit,49.948,51.08,1.131999999999998,2.0320000000000036,2.421999999999997,0.8496885703989836,1.0371391206369345,80.43,94.922,7.3,224
vpt2_v4,VPT2 v4,repvit_m1_1.dist_450e_in1k,repvit,50.833,97.656,46.82300000000001,2.5,0.5079999999999956,1.1274115880586326,0.22337014621972442,81.314,95.568,8.8,224
vpt2_v4,VPT2 v4,repvit_m2_3.dist_450e_in1k,repvit,50.586,53.086,2.5,2.031000000000006,2.578000000000003,0.9149305984608914,1.0539082819043928,83.746,96.65,23.69,224
vpt2_v4,VPT2 v4,res2net50_14w_8s.in1k,res2net50,51.25,96.354,45.104,0.3509999999999991,3.9059999999999917,0.1654629867976517,1.7644030151867194,78.142,93.852,25.06,224
vpt2_v4,VPT2 v4,res2net50_26w_4s.in1k,res2net50,52.162,97.995,45.833000000000006,1.4059999999999988,0.19499999999999318,0.6537962645622521,0.08013738203859358,77.994,93.86,25.7,224
vpt2_v4,VPT2 v4,res2net50_26w_6s.in1k,res2net50,52.526,98.125,45.599,0.42899999999999494,0.5069999999999908,0.2022325394193502,0.20881091925471354,78.586,94.12,37.05,224
vpt2_v4,VPT2 v4,res2net50_26w_8s.in1k,res2net50,53.073,98.294,45.221,1.5230000000000032,0.5079999999999956,0.6331419008932107,0.239473496561842,78.95,94.28,48.4,224
vpt2_v4,VPT2 v4,res2net50_48w_2s.in1k,res2net50,52.305,98.164,45.859,0.4690000000000012,0.11700000000000443,0.19918891089170276,0.055154328932552794,77.528,93.562,25.29,224
vpt2_v4,VPT2 v4,res2net50d.in1k,res2net50d.in1k,50.755,97.8,47.044999999999995,1.4059999999999988,0.9369999999999976,0.5925408565378983,0.3843143967581162,80.28,95.028,25.72,224
vpt2_v4,VPT2 v4,resmlp_12_224.fb_distilled_in1k,resmlp,53.398,98.425,45.026999999999994,3.0859999999999985,0.23499999999999943,1.2601611889842588,0.10282779563695534,77.948,93.57,15.35,224
vpt2_v4,VPT2 v4,resmlp_12_224.fb_in1k,resmlp,52.682,99.388,46.706,0.27300000000000324,0.42900000000000205,0.12869343417595316,0.18658510122729569,76.66,93.17,15.35,224
vpt2_v4,VPT2 v4,resmlp_24_224.fb_in1k,resmlp,51.888,98.906,47.01800000000001,2.5,0.1559999999999917,1.1785113019775793,0.06368673331235924,79.38,94.55,30.02,224
vpt2_v4,VPT2 v4,resmlp_36_224.fb_in1k,resmlp,52.201,99.453,47.252,1.2109999999999985,0.27299999999999613,0.5087372166016115,0.11481289126225992,79.772,94.888,44.69,224
vpt2_v4,VPT2 v4,resnest101e.in1k,resnest,53.138,97.305,44.16700000000001,1.0159999999999982,0.6640000000000015,0.42484428519949025,0.2724999490315958,82.916,96.31,48.28,256
vpt2_v4,VPT2 v4,resnest50d.in1k,resnest,50.872,97.174,46.30200000000001,2.225999999999999,0.703000000000003,0.916614907629637,0.29632902134095834,80.958,95.372,27.48,224
vpt2_v4,VPT2 v4,resnest50d_1s4x24d.in1k,resnest,50.221,96.719,46.498,1.953000000000003,1.4450000000000074,0.8943522795856232,0.6635592580085765,81.024,95.338,25.68,224
vpt2_v4,VPT2 v4,resnest50d_4s2x40d.in1k,resnest,52.083,95.599,43.516000000000005,0.39099999999999824,1.7190000000000083,0.16385833990235404,0.7415888348674121,81.146,95.566,30.42,224
vpt2_v4,VPT2 v4,resnet101.a1_in1k,resnet,52.76,97.747,44.987,1.3279999999999959,0.07800000000000296,0.5788087383199678,0.03676955262170187,81.494,95.164,44.55,224
vpt2_v4,VPT2 v4,resnet101.a2_in1k,resnet,55.234,96.784,41.550000000000004,0.4690000000000012,0.8599999999999994,0.19931939750616992,0.39653527235571584,81.344,95.198,44.55,224
vpt2_v4,VPT2 v4,resnet101.a3_in1k,resnet,57.461,96.276,38.815,1.25,0.9769999999999897,0.536464972450828,0.3989644929898691,77.928,93.686,44.55,160
vpt2_v4,VPT2 v4,resnet10t.c3_in1k,resnet,51.693,97.162,45.46900000000001,3.477000000000004,0.2740000000000009,1.4380371653364505,0.12102433180517431,66.724,86.976,5.44,176
vpt2_v4,VPT2 v4,resnet14t.c3_in1k,resnet,54.948,94.87,39.922000000000004,1.0159999999999982,0.9770000000000039,0.42484428519949097,0.4114762042532569,71.318,89.68,10.08,176
vpt2_v4,VPT2 v4,resnet152.a1_in1k,resnet,54.948,97.383,42.434999999999995,0.8990000000000009,0.8199999999999932,0.38068972492919617,0.3621384020263816,81.998,95.294,60.19,224
vpt2_v4,VPT2 v4,resnet152.a3_in1k,resnet,55.3,95.716,40.416,0.6639999999999944,3.6330000000000098,0.29634364436504196,1.6440152067423244,78.896,94.14,60.19,160
vpt2_v4,VPT2 v4,resnet18.a1_in1k,resnet,55.351,97.825,42.474000000000004,0.8980000000000032,0.8979999999999961,0.37587793526918156,0.38566508210564426,71.504,90.086,11.69,224
vpt2_v4,VPT2 v4,resnet18.a3_in1k,resnet,54.505,97.279,42.773999999999994,3.3200000000000003,0.2740000000000009,1.4069984600797067,0.12102433180517431,65.67,86.268,11.69,160
vpt2_v4,VPT2 v4,resnet18.fb_ssl_yfcc100m_ft_in1k,resnet,53.997,98.372,44.375,2.929000000000002,0.11800000000000921,1.3211066909560671,0.04908722395446646,72.636,91.416,11.69,224
vpt2_v4,VPT2 v4,resnet18.fb_swsl_ig1b_ft_in1k,resnet,54.896,98.333,43.437,0.9380000000000024,0.03900000000000148,0.43327768873501465,0.018384776310850934,73.286,91.754,11.69,224
vpt2_v4,VPT2 v4,resnet18.gluon_in1k,resnet,49.726,98.255,48.528999999999996,0.8590000000000018,0.03900000000000148,0.38786108624380394,0.018384776310850934,70.844,89.75,11.69,224
vpt2_v4,VPT2 v4,resnet18.tv_in1k,resnet,51.992,98.151,46.159,0.4680000000000035,0.27300000000001035,0.2206173157302045,0.11183022847155838,69.752,89.082,11.69,224
vpt2_v4,VPT2 v4,resnet200d.ra2_in1k,resnet,58.568,97.956,39.388000000000005,1.1329999999999956,0.1559999999999917,0.46482326390432005,0.06628725367670221,83.25,96.552,64.69,256
vpt2_v4,VPT2 v4,resnet34.a1_in1k,resnet,53.776,97.539,43.763,2.148999999999994,0.11700000000000443,0.8831334365013376,0.055154328932552794,76.42,92.896,21.8,224
vpt2_v4,VPT2 v4,resnet34.a3_in1k,resnet,56.927,97.708,40.781,2.1480000000000032,0.3119999999999976,0.9343190033387968,0.14707821048680075,70.58,89.54,21.8,160
vpt2_v4,VPT2 v4,resnet34.gluon_in1k,resnet,53.164,98.151,44.986999999999995,0.9769999999999968,0.27300000000001035,0.44332255625998584,0.11183022847155838,74.574,91.988,21.8,224
vpt2_v4,VPT2 v4,resnet34d.ra2_in1k,resnet,54.375,96.393,42.018,0.7810000000000059,0.11699999999999022,0.35932745820800277,0.048641546028058015,77.108,93.372,21.82,224
vpt2_v4,VPT2 v4,resnet50.a1_in1k,resnet,54.505,96.445,41.93999999999999,0.625,2.2660000000000053,0.2946278254943948,1.050077563272776,80.382,94.598,25.56,224
vpt2_v4,VPT2 v4,resnet50.a1h_in1k,resnet,55.625,79.935,24.310000000000002,1.171999999999997,18.438000000000002,0.48163540844363356,7.621845854005592,79.264,94.498,25.56,176
vpt2_v4,VPT2 v4,resnet50.a3_in1k,resnet,54.805,94.831,40.026,0.5859999999999985,4.024000000000001,0.27624304918354387,1.6471489172371627,75.994,92.494,25.56,160
vpt2_v4,VPT2 v4,resnet50.am_in1k,resnet,51.159,98.36,47.201,1.0159999999999982,0.3130000000000024,0.41518750784033237,0.1392703206796856,79.004,94.392,25.56,224
vpt2_v4,VPT2 v4,resnet50.ram_in1k,resnet,54.323,98.672,44.349,0.5859999999999985,0.39000000000000057,0.26752486904128187,0.16849925815860636,79.034,94.386,25.56,224
vpt2_v4,VPT2 v4,resnet50.tv_in1k,resnet,53.802,98.242,44.440000000000005,0.9380000000000024,0.0,0.38337796841585386,0.0,76.156,92.866,25.56,224
vpt2_v4,VPT2 v4,resnet50d.a3_in1k,resnet,59.961,91.667,31.706000000000003,1.4849999999999994,2.852000000000004,0.6452236477033033,1.2624185782325403,77.222,93.256,25.58,160
vpt2_v4,VPT2 v4,resnet50d.ra2_in1k,resnet,54.987,97.279,42.291999999999994,1.7970000000000041,0.8979999999999961,0.8128431583030047,0.4233212596703446,80.546,95.16,25.58,224
vpt2_v4,VPT2 v4,resnetrs50.tf_in1k,resnetrs,52.461,96.784,44.32300000000001,3.3980000000000032,0.39000000000000057,1.5258445384624086,0.17537958832201653,77.858,93.81,35.69,160
vpt2_v4,VPT2 v4,resnext101_32x8d.tv2_in1k,resnext,51.211,96.198,44.986999999999995,0.8990000000000009,1.4849999999999994,0.36804981546886695,0.7000357133746817,81.99,95.716,88.79,176
vpt2_v4,VPT2 v4,resnext50_32x4d.a1_in1k,resnext,54.557,88.086,33.528999999999996,1.1709999999999994,13.320000000000007,0.5345791698980498,5.458099302870921,80.526,94.458,25.03,224
vpt2_v4,VPT2 v4,resnext50_32x4d.tv_in1k,resnext,51.471,97.943,46.472,0.4690000000000012,0.11699999999999022,0.1949227767319387,0.04864154602805675,77.632,93.674,25.03,224
vpt2_v4,VPT2 v4,rexnet_100.nav_in1k,rexnet,49.922,50.846,0.9239999999999995,2.149000000000001,1.6409999999999982,0.8812177180848484,0.6739853278983317,77.862,93.89,4.8,224
vpt2_v4,VPT2 v4,rexnet_130.nav_in1k,rexnet,53.203,53.529,0.3260000000000005,0.8989999999999938,2.1090000000000018,0.3680498154688639,0.8936152540227941,79.492,94.68,7.56,224
vpt2_v4,VPT2 v4,rexnet_150.nav_in1k,rexnet,50.768,50.703,-0.06499999999999773,1.25,1.5620000000000047,0.5312132863130918,0.640064580075065,80.322,95.164,9.73,224
vpt2_v4,VPT2 v4,rexnet_200.nav_in1k,rexnet,50.377,52.8,2.4229999999999947,0.625,1.3279999999999959,0.28587915084680227,0.5471820741053387,81.636,95.672,16.37,224
vpt2_v4,VPT2 v4,rexnet_300.nav_in1k,rexnet,52.865,56.966,4.100999999999999,1.171999999999997,1.757000000000005,0.47991411268637896,0.7243843362930135,82.78,96.23,34.71,224
vpt2_v4,VPT2 v4,selecsls60.in1k,selecsls60.in1k,54.505,98.307,43.802,1.9919999999999973,0.19599999999999795,0.9212035605662825,0.09239528607504124,77.974,93.822,30.67,224
vpt2_v4,VPT2 v4,semnasnet_075.rmsp_in1k,semnasnet,51.367,50.911,-0.45599999999999596,1.8359999999999985,1.953000000000003,0.7500597013275374,0.7981672060971252,73.0,91.124,2.91,224
vpt2_v4,VPT2 v4,seresnet50.a3_in1k,seresnet50.a3,57.956,80.547,22.590999999999994,1.678999999999995,4.844000000000008,0.7824578085892047,2.085819902740091,75.104,92.096,28.09,160
vpt2_v4,VPT2 v4,seresnextaa101d_32x8d.sw_in12k_ft_in1k,seresnextaa101d,52.669,97.878,45.209,0.8599999999999994,0.4299999999999926,0.37409921441005634,0.17579975982792048,85.956,97.824,93.59,224
vpt2_v4,VPT2 v4,seresnextaa101d_32x8d.sw_in12k_ft_in1k_288,seresnextaa101d,50.365,98.086,47.721,1.7959999999999994,0.4690000000000083,0.7972324350875074,0.19931939750617225,86.53,98.094,93.59,288
vpt2_v4,VPT2 v4,shvit_s3.in1k,shvit,50.937,55.716,4.7790000000000035,0.35200000000000387,9.570999999999998,0.14637015482065532,3.9130857672969825,77.356,93.31,14.25,224
vpt2_v4,VPT2 v4,shvit_s4.in1k,shvit,50.56,53.242,2.681999999999995,1.445999999999998,2.1090000000000018,0.6726470099539567,0.9677943996531508,79.362,94.37,16.59,256
vpt2_v4,VPT2 v4,skresnet18.ra_in1k,skresnet18.ra,52.461,98.086,45.625,0.1559999999999988,0.07800000000000296,0.06368673331236215,0.03184336665618252,73.02,91.172,11.96,224
vpt2_v4,VPT2 v4,skresnet34.ra_in1k,skresnet34.ra,52.044,97.969,45.925,1.4840000000000018,0.39100000000000534,0.6332584166217007,0.16896219169454124,76.956,93.32,22.28,224
vpt2_v4,VPT2 v4,spnasnet_100.rmsp_in1k,spnasnet,51.693,52.747,1.054000000000002,3.0859999999999985,0.4690000000000012,1.3152226680933778,0.19232668965995278,74.086,91.826,4.42,224
vpt2_v4,VPT2 v4,swin_base_patch4_window7_224.ms_in1k,swin,50.221,83.867,33.64600000000001,1.2109999999999985,17.188000000000002,0.49447413144336083,7.624727200948824,83.604,96.45,87.77,224
vpt2_v4,VPT2 v4,swin_base_patch4_window7_224.ms_in22k_ft_in1k,swin,51.093,64.193,13.099999999999994,1.2890000000000015,24.415000000000006,0.6076404272996405,11.021993659144533,85.276,97.566,87.77,224
vpt2_v4,VPT2 v4,swin_large_patch4_window12_384.ms_in22k_ft_in1k,swin,50.729,65.82,15.090999999999994,0.7809999999999988,35.937,0.36816693073779516,14.828579365535997,87.142,98.228,196.74,384
vpt2_v4,VPT2 v4,swin_s3_base_224.ms_in1k,swin,51.797,60.716,8.919000000000004,2.1870000000000047,18.047000000000004,1.021893340814003,8.212339996750151,83.92,96.65,71.13,224
vpt2_v4,VPT2 v4,swin_s3_small_224.ms_in1k,swin,52.11,74.284,22.174000000000007,2.421999999999997,40.31199999999999,1.0428350247708826,16.572674222613827,83.778,96.46,49.74,224
vpt2_v4,VPT2 v4,swin_s3_tiny_224.ms_in1k,swin,51.12,95.872,44.752,1.1720000000000041,2.578000000000003,0.48408539191620775,1.0526246561175874,82.128,95.958,28.33,224
vpt2_v4,VPT2 v4,swin_small_patch4_window7_224.ms_in1k,swin,51.524,72.5,20.976,0.7419999999999973,24.961,0.33292374836022426,10.221730023174485,83.228,96.326,49.61,224
vpt2_v4,VPT2 v4,swin_small_patch4_window7_224.ms_in22k_ft_in1k,swin,51.55,74.492,22.942000000000007,1.406000000000006,31.406000000000006,0.6028650116089211,14.562635071381218,83.33,96.996,49.61,224
vpt2_v4,VPT2 v4,swin_tiny_patch4_window7_224.ms_in1k,swin,52.226,95.443,43.217,1.6799999999999997,6.25,0.6996267258728441,2.614633860069555,81.388,95.54,28.29,224
vpt2_v4,VPT2 v4,swin_tiny_patch4_window7_224.ms_in22k_ft_in1k,swin,52.044,96.745,44.70100000000001,0.4690000000000012,2.8910000000000053,0.19232668965995278,1.253946038179741,80.966,96.02,28.29,224
vpt2_v4,VPT2 v4,swinv2_base_window12to16_192to256.ms_in22k_ft_in1k,swinv2,50.964,98.099,47.135000000000005,1.4849999999999994,1.0940000000000083,0.6132135752646779,0.4647952954437793,86.27,97.906,87.92,256
vpt2_v4,VPT2 v4,swinv2_base_window12to24_192to384.ms_in22k_ft_in1k,swinv2,50.872,98.255,47.382999999999996,3.203000000000003,0.5859999999999985,1.3583966856391987,0.2596335023750873,87.142,98.228,87.92,384
vpt2_v4,VPT2 v4,swinv2_cr_small_224.sw_in1k,swinv2,51.133,60.625,9.491999999999997,1.4450000000000003,16.445000000000007,0.6401866047402812,6.775231705754919,83.126,96.11,49.7,224
vpt2_v4,VPT2 v4,swinv2_cr_small_ns_224.sw_in1k,swinv2,52.812,97.344,44.532,3.320999999999998,1.328000000000003,1.4348668540630818,0.5532618427712753,83.49,96.486,49.7,224
vpt2_v4,VPT2 v4,swinv2_cr_tiny_ns_224.sw_in1k,swinv2,52.265,53.021,0.7560000000000002,2.421999999999997,4.765999999999998,1.0131934113923593,2.1295259253333043,81.796,95.824,28.33,224
vpt2_v4,VPT2 v4,swinv2_large_window12to16_192to256.ms_in22k_ft_in1k,swinv2,51.641,98.321,46.68,1.2890000000000015,0.5080000000000098,0.5820265362411654,0.22337014621973106,86.934,98.106,196.74,256
vpt2_v4,VPT2 v4,swinv2_large_window12to24_192to384.ms_in22k_ft_in1k,swinv2,51.198,93.372,42.174,0.27300000000000324,15.11800000000001,0.12869343417595316,7.108146234348934,87.474,98.264,196.74,384
vpt2_v4,VPT2 v4,swinv2_small_window16_256.ms_in1k,swinv2,49.036,98.06,49.024,2.7730000000000032,0.3119999999999976,1.2892132829322274,0.13257450735341278,84.216,96.874,49.73,256
vpt2_v4,VPT2 v4,swinv2_tiny_window16_256.ms_in1k,swinv2,52.266,97.982,45.716,1.4849999999999994,0.27299999999999613,0.6062487571579469,0.11183022847155288,82.828,96.222,28.35,256
vpt2_v4,VPT2 v4,tf_efficientnet_b0.aa_in1k,tf_efficientnet,50.378,55.104,4.725999999999999,3.2420000000000044,2.968999999999994,1.4307986891554287,1.212232192646641,76.882,93.27,5.29,224
vpt2_v4,VPT2 v4,tf_efficientnet_b0.in1k,tf_efficientnet,48.307,53.177,4.869999999999997,0.35199999999999676,2.1879999999999953,0.1509466425227425,0.9247909072986275,76.542,93.008,5.29,224
vpt2_v4,VPT2 v4,tf_efficientnet_b1.aa_in1k,tf_efficientnet,49.232,54.127,4.895000000000003,1.796999999999997,3.2420000000000044,0.7345312942429482,1.34035849267608,78.84,94.202,7.79,240
vpt2_v4,VPT2 v4,tf_efficientnet_b3.aa_in1k,tf_efficientnet,51.263,53.984,2.7210000000000036,1.9139999999999944,1.718999999999994,0.8453011297756539,0.8010827395191781,81.648,95.724,12.23,300
vpt2_v4,VPT2 v4,tf_efficientnet_b4.aa_in1k,tf_efficientnet,51.458,56.576,5.118000000000002,0.7809999999999988,2.772999999999996,0.32715983181857033,1.1992504140318454,83.04,96.298,19.34,380
vpt2_v4,VPT2 v4,tf_efficientnet_b5.ra_in1k,tf_efficientnet,49.948,59.531,9.582999999999998,1.0940000000000012,5.858999999999995,0.4702176800872839,2.5315007845588773,83.834,96.764,30.39,456
vpt2_v4,VPT2 v4,tf_efficientnet_b6.aa_in1k,tf_efficientnet,51.341,69.596,18.255000000000003,1.1720000000000041,5.897999999999996,0.5350497380825671,2.499923509940964,84.124,96.89,43.04,528
vpt2_v4,VPT2 v4,tf_efficientnet_b7.ap_in1k,tf_efficientnet,51.12,88.112,36.992,1.171999999999997,5.078000000000003,0.5127418670463928,2.0782956158031687,85.132,97.256,66.35,600
vpt2_v4,VPT2 v4,tf_efficientnet_b7.ra_in1k,tf_efficientnet,52.044,84.466,32.422,0.8200000000000003,8.046999999999997,0.3776950563027753,3.295259861612669,84.926,97.22,66.35,600
vpt2_v4,VPT2 v4,tf_efficientnetv2_b3.in21k_ft_in1k,tf_efficientnetv2,51.328,57.044,5.715999999999994,1.4059999999999988,1.8359999999999985,0.5845003564298885,0.759047356156971,81.078,95.92,14.36,240
vpt2_v4,VPT2 v4,tf_efficientnetv2_l.in21k_ft_in1k,tf_efficientnetv2,51.211,96.719,45.507999999999996,1.328000000000003,1.1720000000000113,0.6084742302586773,0.48163540844363895,85.846,97.766,118.52,384
vpt2_v4,VPT2 v4,tf_mobilenetv3_large_075.in1k,tf_mobilenetv3,48.086,49.245,1.158999999999999,1.6799999999999997,3.321000000000005,0.7296245609901018,1.3565714135275022,73.442,91.332,3.99,224
vpt2_v4,VPT2 v4,tf_mobilenetv3_large_minimal_100.in1k,tf_mobilenetv3,50.638,51.654,1.0160000000000053,2.6170000000000044,0.5860000000000056,1.0928223399375903,0.23940110461083927,72.27,90.664,3.92,224
vpt2_v4,VPT2 v4,tf_mobilenetv3_small_075.in1k,tf_mobilenetv3,49.466,50.716,1.25,4.842999999999996,1.445999999999998,1.9874862403437037,0.6556103178633532,65.706,86.13,2.04,224
vpt2_v4,VPT2 v4,tf_mobilenetv3_small_100.in1k,tf_mobilenetv3,49.518,51.836,2.317999999999998,5.350999999999999,4.688000000000002,2.1878285023181214,2.1826632050471435,67.922,87.686,2.54,224
vpt2_v4,VPT2 v4,tf_mobilenetv3_small_minimal_100.in1k,tf_mobilenetv3,50.195,51.875,1.6799999999999997,2.5390000000000015,1.953000000000003,1.0544509893251985,0.8049357462279565,62.892,84.27,2.04,224
vpt2_v4,VPT2 v4,tiny_vit_21m_224.in1k,tiny,50.755,97.005,46.24999999999999,1.0549999999999997,1.5619999999999976,0.43548210831980994,0.7273157651407125,83.268,96.602,21.2,224
vpt2_v4,VPT2 v4,tiny_vit_5m_224.in1k,tiny,51.901,94.427,42.526,1.25,5.5859999999999985,0.5490952153821371,2.292048622714816,79.196,94.792,5.39,224
vpt2_v4,VPT2 v4,tinynet_c.in1k,tinynet,49.961,54.232,4.271000000000001,2.227000000000004,3.203000000000003,0.9294367469960878,1.3446161781960935,71.214,89.746,2.46,184
vpt2_v4,VPT2 v4,tresnet_l.miil_in1k,tresnet,51.393,97.2,45.807,0.8200000000000003,0.8979999999999961,0.36954145760508333,0.37225200544195114,81.498,95.652,55.99,224
vpt2_v4,VPT2 v4,tresnet_m.miil_in1k,tresnet,50.065,96.471,46.406000000000006,0.3120000000000047,0.8990000000000009,0.1470782104868041,0.40665655725139294,80.816,94.862,31.39,224
vpt2_v4,VPT2 v4,tresnet_m.miil_in21k_ft_in1k,tresnet,50.912,90.612,39.699999999999996,5.390000000000001,13.358999999999995,2.231045395225197,6.155469672485509,83.09,96.112,31.39,224
vpt2_v4,VPT2 v4,tresnet_v2_l.miil_in21k_ft_in1k,tresnet,52.474,97.031,44.55700000000001,0.3509999999999991,0.1559999999999917,0.15707959765672871,0.06368673331235924,83.91,96.492,46.17,224
vpt2_v4,VPT2 v4,tresnet_xl.miil_in1k,tresnet,50.469,97.917,47.448,0.1559999999999988,0.35200000000000387,0.06368673331236215,0.15080303563110312,82.06,95.932,78.44,224
vpt2_v4,VPT2 v4,twins_pcpvt_base.in1k,twins,52.187,92.956,40.769000000000005,3.7109999999999985,3.671999999999997,1.6648924556525828,1.5277661979359118,82.724,96.35,43.83,224
vpt2_v4,VPT2 v4,twins_pcpvt_large.in1k,twins,50.143,91.849,41.706,1.4450000000000003,18.125,0.6153645712547611,8.409488965844872,83.158,96.626,60.99,224
vpt2_v4,VPT2 v4,twins_pcpvt_small.in1k,twins,51.328,83.711,32.382999999999996,1.875,21.757999999999996,0.7654655809084793,8.985179946259654,81.116,95.624,24.11,224
vpt2_v4,VPT2 v4,twins_svt_base.in1k,twins,52.747,75.781,23.034000000000006,1.5630000000000024,32.227000000000004,0.6447130283225944,14.527124583573542,83.122,96.43,56.07,224
vpt2_v4,VPT2 v4,twins_svt_large.in1k,twins,50.495,61.133,10.638000000000005,0.8590000000000018,20.156,0.3803702874247101,9.314371404805945,83.718,96.6,99.27,224
vpt2_v4,VPT2 v4,twins_svt_small.in1k,twins,50.377,96.159,45.782000000000004,0.5859999999999985,3.8670000000000044,0.2598170296360272,1.81379877604987,81.694,95.67,24.06,224
vpt2_v4,VPT2 v4,vgg11.tv_in1k,vgg11.tv,63.034,99.557,36.523,0.703000000000003,0.03899999999998727,0.3014325058044611,0.018384776310844234,69.05,88.63,132.86,224
vpt2_v4,VPT2 v4,vgg11_bn.tv_in1k,vgg11,58.255,99.271,41.016,0.39099999999999824,0.23399999999999466,0.16385833990235327,0.1023621023621532,70.374,89.802,132.87,224
vpt2_v4,VPT2 v4,vgg13.tv_in1k,vgg13.tv,59.414,99.44,40.025999999999996,1.4450000000000003,0.1560000000000059,0.620846912603171,0.06628725367670872,69.95,89.262,133.05,224
vpt2_v4,VPT2 v4,vgg13_bn.tv_in1k,vgg13,62.318,99.075,36.757000000000005,1.171999999999997,0.2740000000000009,0.4798777622131136,0.11225665038453447,71.56,90.372,133.05,224
vpt2_v4,VPT2 v4,vgg16.tv_in1k,vgg16.tv,63.828,99.557,35.729,1.0160000000000053,0.07799999999998875,0.47002434925106906,0.036769552621695165,71.594,90.398,138.36,224
vpt2_v4,VPT2 v4,vgg16_bn.tv_in1k,vgg16,57.813,99.609,41.79599999999999,1.3290000000000006,0.07800000000000296,0.5453820271658717,0.03184336665618252,73.354,91.49,138.37,224
vpt2_v4,VPT2 v4,vgg19.tv_in1k,vgg19.tv,57.956,99.662,41.706,0.703000000000003,0.2740000000000009,0.2962120111601764,0.12102433180517431,72.4,90.878,143.67,224
vpt2_v4,VPT2 v4,vgg19_bn.tv_in1k,vgg19,59.739,99.648,39.909,0.9369999999999976,0.0,0.40991408313883876,0.0,74.23,91.848,143.68,224
vpt2_v4,VPT2 v4,visformer_small.in1k,visformer,49.375,97.148,47.772999999999996,1.796999999999997,4.881999999999991,0.829340702003704,2.1691421243329208,82.092,95.876,40.22,224
vpt2_v4,VPT2 v4,visformer_tiny.in1k,visformer,50.143,97.865,47.721999999999994,2.2659999999999982,1.9920000000000044,1.0173463301922085,0.8403238793597538,78.16,94.164,10.32,224
vpt2_v4,VPT2 v4,vit_base_patch16_224.augreg2_in21k_ft_in1k,vit,50.912,98.763,47.851000000000006,3.202999999999996,0.8599999999999994,1.3139600027736327,0.3587125125593843,85.108,97.53,86.57,224
vpt2_v4,VPT2 v4,vit_base_patch16_224.augreg_in1k,vit,49.544,98.372,48.828,0.8590000000000018,0.1570000000000107,0.36259282336466064,0.07401050976419701,79.154,94.108,86.57,224
vpt2_v4,VPT2 v4,vit_base_patch16_224.augreg_in21k_ft_in1k,vit,51.511,97.513,46.002,2.344000000000001,3.3589999999999947,1.0188573120031201,1.4152712343104628,84.534,97.3,86.57,224
vpt2_v4,VPT2 v4,vit_base_patch16_224.orig_in21k_ft_in1k,vit,51.589,85.781,34.19200000000001,2.4989999999999952,35.977,1.0208833865280034,16.716603981271632,81.782,96.122,86.57,224
vpt2_v4,VPT2 v4,vit_base_patch16_224.sam_in1k,vit,50.938,97.357,46.419,1.3279999999999959,3.7890000000000015,0.5449998980631895,1.7014962696272815,80.246,94.764,86.57,224
vpt2_v4,VPT2 v4,vit_base_patch16_224_miil.in21k_ft_in1k,vit,49.909,90.964,41.055,1.4450000000000003,20.819999999999993,0.5934177842520958,9.688286960150498,84.278,96.798,86.54,224
vpt2_v4,VPT2 v4,vit_base_patch16_clip_224.laion2b_ft_in12k_in1k,vit,49.922,69.154,19.232,1.7580000000000027,45.039,0.7432695039859749,20.575779456006575,86.204,97.762,86.57,224
vpt2_v4,VPT2 v4,vit_base_patch16_clip_224.laion2b_ft_in1k,vit,49.805,84.518,34.713,1.679000000000002,42.538999999999994,0.7291603999730712,19.88049377321063,85.488,97.586,86.57,224
vpt2_v4,VPT2 v4,vit_base_patch16_clip_224.openai_ft_in12k_in1k,vit,52.656,94.805,42.14900000000001,0.7419999999999973,12.38300000000001,0.30419438229892015,5.7214254051474525,85.954,97.724,86.57,224
vpt2_v4,VPT2 v4,vit_base_patch16_clip_224.openai_ft_in1k,vit,50.768,91.667,40.899,0.7810000000000059,14.609000000000009,0.3209281678022209,5.964811275770224,85.282,97.448,86.57,224
vpt2_v4,VPT2 v4,vit_base_patch16_clip_384.laion2b_ft_in12k_in1k,vit,51.523,98.828,47.305,0.5079999999999956,0.5849999999999937,0.22337014621972567,0.25274888723790295,87.21,98.032,86.86,384
vpt2_v4,VPT2 v4,vit_base_patch16_clip_384.laion2b_ft_in1k,vit,50.964,51.432,0.4680000000000035,2.421999999999997,5.351999999999997,1.0488223025003898,2.217332180797454,86.638,98.008,86.86,384
vpt2_v4,VPT2 v4,vit_base_patch16_rpn_224.sw_in1k,vit,51.12,98.073,46.952999999999996,1.9920000000000044,0.3120000000000118,0.8966169750791045,0.14707821048680747,82.218,95.996,86.54,224
vpt2_v4,VPT2 v4,vit_base_patch32_224.augreg_in1k,vit,47.864,84.688,36.824000000000005,1.2109999999999985,24.84400000000001,0.5186407448535267,11.394428238787983,74.908,91.77,88.22,224
vpt2_v4,VPT2 v4,vit_base_patch32_224.augreg_in21k_ft_in1k,vit,51.927,89.466,37.538999999999994,1.4059999999999988,16.680000000000007,0.5813111616567038,6.915606842497629,80.732,95.574,88.22,224
vpt2_v4,VPT2 v4,vit_base_patch32_224.sam_in1k,vit,49.18,96.875,47.695,2.8119999999999976,0.820999999999998,1.2740218034066575,0.34523132341470125,73.704,91.012,88.22,224
vpt2_v4,VPT2 v4,vit_base_patch32_384.augreg_in1k,vit,49.18,96.797,47.617,0.4299999999999997,1.6020000000000039,0.17773638406984152,0.7461675415079392,78.75,94.238,88.3,384
vpt2_v4,VPT2 v4,vit_base_patch32_clip_224.laion2b_ft_in12k_in1k,vit,49.427,83.073,33.645999999999994,2.1090000000000018,26.836,0.9100868090462585,11.53209955828609,83.304,96.528,88.22,224
vpt2_v4,VPT2 v4,vit_base_patch32_clip_224.laion2b_ft_in1k,vit,50.859,95.026,44.166999999999994,1.875,10.625,0.7966891210224706,4.936552305675153,82.614,96.206,88.22,224
vpt2_v4,VPT2 v4,vit_base_patch32_clip_224.openai_ft_in1k,vit,50.807,98.945,48.13799999999999,1.4059999999999988,0.4300000000000068,0.6087376738428102,0.19396448701301736,81.944,95.972,88.22,224
vpt2_v4,VPT2 v4,vit_base_patch8_224.augreg2_in21k_ft_in1k,vit,50.938,82.669,31.730999999999995,3.1639999999999944,48.476000000000006,1.3745448539627756,22.82427836512885,86.252,97.84,86.58,224
vpt2_v4,VPT2 v4,vit_base_patch8_224.augreg_in21k_ft_in1k,vit,52.656,98.75,46.094,4.141000000000005,0.3119999999999976,1.6914479661586488,0.13880201727640565,85.838,97.776,86.58,224
vpt2_v4,VPT2 v4,vit_huge_patch14_clip_224.laion2b_ft_in1k,vit,53.919,80.612,26.692999999999998,2.030999999999999,43.281000000000006,0.9073114129117953,18.321077861304996,87.612,98.226,632.05,224
vpt2_v4,VPT2 v4,vit_huge_patch14_clip_336.laion2b_ft_in12k_in1k,vit,53.737,72.37,18.633000000000003,0.4680000000000035,45.117000000000004,0.20472420472430822,19.01947066093645,88.634,98.668,632.46,336
vpt2_v4,VPT2 v4,vit_large_patch14_clip_224.laion2b_ft_in12k_in1k,vit,51.068,98.698,47.629999999999995,1.3279999999999959,0.23399999999999466,0.5572186883680992,0.1023621023621508,87.9,98.408,304.2,224
vpt2_v4,VPT2 v4,vit_large_patch14_clip_224.laion2b_ft_in1k,vit,54.245,86.745,32.50000000000001,2.030999999999999,35.196000000000005,0.9073114129117953,16.56381069950055,87.288,98.236,304.2,224
vpt2_v4,VPT2 v4,vit_large_patch14_clip_224.openai_ft_in12k_in1k,vit,51.172,67.982,16.810000000000002,1.4059999999999988,47.577999999999996,0.6149346848785374,22.14856728248278,88.162,98.538,304.2,224
vpt2_v4,VPT2 v4,vit_large_patch14_clip_224.openai_ft_in1k,vit,52.031,82.578,30.547000000000004,2.852000000000004,45.07900000000001,1.1802568458696714,20.251497343817984,87.858,98.43,304.2,224
vpt2_v4,VPT2 v4,vit_large_patch16_224.augreg_in21k_ft_in1k,vit,52.083,62.956,10.873000000000005,1.7970000000000041,20.272999999999996,0.7345548916785535,9.154770426152451,85.856,97.822,304.33,224
vpt2_v4,VPT2 v4,vit_large_patch16_384.augreg_in21k_ft_in1k,vit,51.211,81.536,30.325000000000003,2.6169999999999973,47.342999999999996,1.0687416276475172,21.594156653028975,87.096,98.302,304.72,384
vpt2_v4,VPT2 v4,vit_large_r50_s32_384.augreg_in21k_ft_in1k,vit,51.016,83.151,32.135,1.0150000000000006,44.415000000000006,0.4288638737667491,20.578924218724364,86.188,97.928,329.09,384
vpt2_v4,VPT2 v4,vit_medium_patch16_gap_384.sw_in12k_ft_in1k,vit,51.172,98.711,47.539,1.796999999999997,0.6640000000000015,0.7419040069682561,0.272452238423953,85.556,97.638,39.03,384
vpt2_v4,VPT2 v4,vit_relpos_base_patch16_224.sw_in1k,vit,51.458,72.799,21.341000000000008,1.2109999999999985,26.483999999999995,0.5378849525895122,11.954767454404491,82.482,96.144,86.43,224
vpt2_v4,VPT2 v4,vit_relpos_base_patch16_clsgap_224.sw_in1k,vit,52.539,96.81,44.271,1.7579999999999956,1.6410000000000053,0.8025746071238471,0.6947663076331669,82.758,96.178,86.43,224
vpt2_v4,VPT2 v4,vit_relpos_medium_patch16_224.sw_in1k,vit,51.758,98.086,46.327999999999996,3.671999999999997,0.5859999999999985,1.5001019965322346,0.25321181295947204,82.462,96.086,38.75,224
vpt2_v4,VPT2 v4,vit_relpos_medium_patch16_cls_224.sw_in1k,vit,51.576,97.943,46.367,0.8980000000000032,0.703000000000003,0.39861621754375404,0.31462817561192674,82.558,96.076,38.76,224
vpt2_v4,VPT2 v4,vit_relpos_medium_patch16_rpn_224.sw_in1k,vit,51.315,97.266,45.95100000000001,1.875,1.796999999999997,0.8078056697003307,0.783824952113389,82.314,95.986,38.73,224
vpt2_v4,VPT2 v4,vit_relpos_small_patch16_224.sw_in1k,vit,52.929,96.81,43.881,3.8669999999999973,2.304000000000002,1.701699999673528,1.0353781917734206,81.476,95.824,21.98,224
vpt2_v4,VPT2 v4,vit_small_patch16_224.augreg_in1k,vit,50.208,98.008,47.8,0.7809999999999988,1.7179999999999893,0.3193580366227775,0.7099920187344785,78.842,94.28,22.05,224
vpt2_v4,VPT2 v4,vit_small_patch16_224.augreg_in21k_ft_in1k,vit,51.263,98.659,47.39600000000001,1.5629999999999953,0.23399999999999466,0.7108347205926266,0.1023621023621508,81.402,96.15,22.05,224
vpt2_v4,VPT2 v4,vit_so400m_patch14_siglip_gap_378.webli_ft_in1k,vit,51.471,83.919,32.448,2.3830000000000027,46.406000000000006,1.0884522140278945,21.80283115153219,89.056,98.752,414.14,378
vpt2_v4,VPT2 v4,vit_srelpos_medium_patch16_224.sw_in1k,vit,53.411,93.672,40.260999999999996,1.7579999999999956,1.2890000000000015,0.7206003669780403,0.5818252887823503,82.256,95.932,38.74,224
vpt2_v4,VPT2 v4,vit_srelpos_small_patch16_224.sw_in1k,vit,52.708,92.422,39.714,3.125,12.850999999999999,1.2778801021831254,5.866043016094124,81.108,95.58,21.97,224
vpt2_v4,VPT2 v4,vit_tiny_patch16_224.augreg_in21k_ft_in1k,vit,50.091,97.8,47.708999999999996,2.6950000000000003,1.3669999999999902,1.16314411068544,0.5796690626747447,75.452,92.858,5.72,224
vpt2_v4,VPT2 v4,vit_tiny_r_s16_p8_224.augreg_in21k_ft_in1k,vit,52.005,75.82,23.81499999999999,2.1480000000000032,25.546999999999997,0.894187278420405,11.123228078614988,71.8,90.81,6.34,224
vpt2_v4,VPT2 v4,volo_d1_224.sail_in1k,volo,54.18,94.115,39.934999999999995,1.6019999999999968,11.406000000000006,0.6546048850685074,5.235747023003396,84.148,96.772,26.63,224
vpt2_v4,VPT2 v4,volo_d1_384.sail_in1k,volo,53.151,98.151,44.99999999999999,0.820999999999998,2.109000000000009,0.33830853767924074,0.9851284180247809,85.262,97.218,26.78,384
vpt2_v4,VPT2 v4,volo_d2_224.sail_in1k,volo,53.333,98.724,45.391000000000005,0.23499999999999943,0.6640000000000015,0.09763992808045024,0.27498525212979963,85.204,97.186,58.68,224
vpt2_v4,VPT2 v4,volo_d2_384.sail_in1k,volo,51.667,99.049,47.382000000000005,1.524000000000001,0.5079999999999956,0.6633376884279147,0.21247326629222887,86.054,97.582,58.87,384
vpt2_v4,VPT2 v4,volo_d3_224.sail_in1k,volo,51.966,98.555,46.589000000000006,2.8909999999999982,0.11699999999999022,1.1838384837280607,0.0551543289325461,85.44,97.274,86.33,224
vpt2_v4,VPT2 v4,volo_d4_224.sail_in1k,volo,52.709,98.841,46.13199999999999,1.2890000000000015,0.3119999999999976,0.5986597995151804,0.13257450735341092,85.868,97.464,192.96,224
vpt2_v4,VPT2 v4,volo_d5_224.sail_in1k,volo,54.349,97.682,43.333000000000006,1.0549999999999997,2.930000000000007,0.4883989716978887,1.2989013306124035,86.076,97.574,295.46,224
vpt2_v4,VPT2 v4,wide_resnet101_2.tv_in1k,wide_resnet,50.391,98.594,48.202999999999996,1.1329999999999956,0.27299999999999613,0.4633666654677104,0.11481289126225992,78.862,94.312,126.89,224
vpt2_v4,VPT2 v4,wide_resnet50_2.tv_in1k,wide_resnet,52.135,98.412,46.27700000000001,1.446000000000005,0.07900000000000773,0.6271253640399381,0.037240957142495146,78.486,94.084,68.88,224
vpt2_v4,VPT2 v4,xception65.ra3_in1k,xception65.ra3,56.497,60.508,4.011000000000003,0.1180000000000021,1.8359999999999985,0.049087223954463285,0.8311726655755706,83.186,96.596,39.92,299
vpt2_v4,VPT2 v4,xcit_large_24_p16_224.fb_dist_in1k,xcit,49.987,91.289,41.302,0.8599999999999994,14.765,0.3629279083601405,6.826359547128076,84.936,97.128,189.1,224
vpt2_v4,VPT2 v4,xcit_medium_24_p8_224.fb_in1k,xcit,52.721,83.125,30.404000000000003,0.03900000000000148,21.367000000000004,0.018384776310850934,8.754882104669754,83.744,96.394,84.32,224
vpt2_v4,VPT2 v4,xcit_nano_12_p16_224.fb_in1k,xcit,50.846,84.492,33.64600000000001,1.1329999999999956,19.062000000000012,0.4626366464804372,8.01867662952491,69.982,89.78,3.05,224
vpt2_v4,VPT2 v4,xcit_nano_12_p8_224.fb_in1k,xcit,50.924,97.136,46.211999999999996,1.6020000000000039,1.2890000000000015,0.6556433651172139,0.5672920078956025,73.9,92.154,3.05,224
vpt2_v4,VPT2 v4,xcit_small_12_p16_224.fb_dist_in1k,xcit,52.031,84.896,32.865,0.35199999999999676,23.00699999999999,0.16593439131844162,10.701332201594752,83.354,96.42,26.25,224
vpt2_v4,VPT2 v4,xcit_small_12_p8_224.fb_in1k,xcit,49.935,94.349,44.414,0.8599999999999994,6.094000000000008,0.3530136918968815,2.686035120147666,83.354,96.472,26.21,224
vpt2_v4,VPT2 v4,xcit_small_24_p16_384.fb_dist_in1k,xcit,51.094,95.586,44.492,3.0860000000000056,5.936999999999998,1.3647397798359489,2.7895816890709604,85.102,97.318,47.67,384
vpt2_v4,VPT2 v4,xcit_small_24_p8_224.fb_in1k,xcit,50.312,85.573,35.260999999999996,0.35200000000000387,26.289,0.14637015482065532,11.018719254069413,83.854,96.636,47.63,224
vpt2_v4,VPT2 v4,xcit_tiny_12_p16_224.fb_dist_in1k,xcit,51.107,93.763,42.656000000000006,1.0159999999999982,5.743000000000009,0.42484428519949097,2.5290608270001513,78.572,94.21,6.72,224
vpt2_v4,VPT2 v4,xcit_tiny_12_p16_384.fb_dist_in1k,xcit,50.794,95.508,44.714,0.2740000000000009,3.6720000000000113,0.11225665038453475,1.503140711976099,80.954,95.43,6.72,384
vpt2_v4,VPT2 v4,xcit_tiny_12_p8_224.fb_in1k,xcit,52.461,92.278,39.81700000000001,2.7340000000000018,12.422000000000011,1.2708341967210184,5.206396984052945,79.71,95.058,6.71,224
vpt2_v4,VPT2 v4,xcit_tiny_24_p8_224.fb_in1k,xcit,52.357,84.193,31.836,2.6170000000000044,32.149,1.0929215688033427,14.071077768087118,81.888,95.978,12.11,224
